/*--------------------*/
/*INSERT PROVINCIA*/
/*--------------------*/

INSERT INTO provincia (nombreprov, codprov) VALUES ('ALICANTE', 1);
INSERT INTO provincia (nombreprov, codprov) VALUES ('BARCELONA', 2);
INSERT INTO provincia (nombreprov, codprov) VALUES ('CÁDIZ', 3);
INSERT INTO provincia (nombreprov, codprov) VALUES ('MADRID', 4);
INSERT INTO provincia (nombreprov, codprov) VALUES ('SEVILLA', 5);
INSERT INTO provincia (nombreprov, codprov) VALUES ('VALENCIA', 6);
INSERT INTO provincia (nombreprov, codprov) VALUES ('MÁLAGA', 7);
INSERT INTO provincia (nombreprov, codprov) VALUES ('MURCIA', 8);
INSERT INTO provincia (nombreprov, codprov) VALUES ('GRANADA', 9);
INSERT INTO provincia (nombreprov, codprov) VALUES ('TARRAGONA', 10);
INSERT INTO provincia (nombreprov, codprov) VALUES ('EXTREMADURA', 11);
INSERT INTO provincia (nombreprov, codprov) VALUES ('JAÉN', 12);
INSERT INTO provincia (nombreprov, codprov) VALUES ('ZARAGOZA', 13);
INSERT INTO provincia (nombreprov, codprov) VALUES ('CÓRDOBA', 14);
INSERT INTO provincia (nombreprov, codprov) VALUES ('A CORUÑA', 15);
INSERT INTO provincia (nombreprov, codprov) VALUES ('VALLADOLID', 16);
INSERT INTO provincia (nombreprov, codprov) VALUES ('VIGO', 17);
INSERT INTO provincia (nombreprov, codprov) VALUES ('GIJÓN', 18);
INSERT INTO provincia (nombreprov, codprov) VALUES ('PALMA DE MALLORCA', 19);
INSERT INTO provincia (nombreprov, codprov) VALUES ('LAS PALMAS', 20);
INSERT INTO provincia (nombreprov, codprov) VALUES ('CÁCERES', 21);
INSERT INTO provincia (nombreprov, codprov) VALUES ('BURGOS', 22);
INSERT INTO provincia (nombreprov, codprov) VALUES ('TOLEDO', 23);
INSERT INTO provincia (nombreprov, codprov) VALUES ('LA RIOJA', 24);
INSERT INTO provincia (nombreprov, codprov) VALUES ('HUELVA', 25);
INSERT INTO provincia (nombreprov, codprov) VALUES ('OURENSE', 26);
INSERT INTO provincia (nombreprov, codprov) VALUES ('CUENCA', 27);
INSERT INTO provincia (nombreprov, codprov) VALUES ('LLEIDA', 28);
INSERT INTO provincia (nombreprov, codprov) VALUES ('GIRONA', 29);
INSERT INTO provincia (nombreprov, codprov) VALUES ('ALMERÍA', 30);

/*--------------------*/
/*INSERT LOCALIDAD*/
/*--------------------*/

INSERT INTO localidad (nombreloc, codloc, nombreprov) VALUES ('ALICANTE', 1001, 'ALICANTE');
INSERT INTO localidad (nombreloc, codloc, nombreprov) VALUES ('ELCHE', 1002, 'ALICANTE');
INSERT INTO localidad (nombreloc, codloc, nombreprov) VALUES ('TORREVIEJA', 1003, 'ALICANTE');
INSERT INTO localidad (nombreloc, codloc, nombreprov) VALUES ('BARCELONA', 2001, 'BARCELONA');
INSERT INTO localidad (nombreloc, codloc, nombreprov) VALUES ('HOSPITALET DE LLOBREGAT', 2002, 'BARCELONA');
INSERT INTO localidad (nombreloc, codloc, nombreprov) VALUES ('BADALONA', 2003, 'BARCELONA');
INSERT INTO localidad (nombreloc, codloc, nombreprov) VALUES ('CÁDIZ', 3001, 'CÁDIZ');
INSERT INTO localidad (nombreloc, codloc, nombreprov) VALUES ('JEREZ DE LA FRONTERA', 3002, 'CÁDIZ');
INSERT INTO localidad (nombreloc, codloc, nombreprov) VALUES ('ALGECIRAS', 3003, 'CÁDIZ');
INSERT INTO localidad (nombreloc, codloc, nombreprov) VALUES ('MADRID', 4001, 'MADRID');
INSERT INTO localidad (nombreloc, codloc, nombreprov) VALUES ('MÓSTOLES', 4002, 'MADRID');
INSERT INTO localidad (nombreloc, codloc, nombreprov) VALUES ('ALCALÁ DE HENARES', 4003, 'MADRID');
INSERT INTO localidad (nombreloc, codloc, nombreprov) VALUES ('VALENCIA', 1101, 'VALENCIA');
INSERT INTO localidad (nombreloc, codloc, nombreprov) VALUES ('GANDÍA', 1102, 'VALENCIA');
INSERT INTO localidad (nombreloc, codloc, nombreprov) VALUES ('TORRENT', 1103, 'VALENCIA');
INSERT INTO localidad (nombreloc, codloc, nombreprov) VALUES ('DOS HERMANAS', 1201, 'SEVILLA');
INSERT INTO localidad (nombreloc, codloc, nombreprov) VALUES ('ALCALÁ DE GUADAÍRA', 1202, 'SEVILLA');
INSERT INTO localidad (nombreloc, codloc, nombreprov) VALUES ('ÉCIJA', 1203, 'SEVILLA');
INSERT INTO localidad (nombreloc, codloc, nombreprov) VALUES ('ZARAGOZA', 1301, 'ZARAGOZA');
INSERT INTO localidad (nombreloc, codloc, nombreprov) VALUES ('CALATAYUD', 1302, 'ZARAGOZA');
INSERT INTO localidad (nombreloc, codloc, nombreprov) VALUES ('EJEA DE LOS CABALLEROS', 1303, 'ZARAGOZA');
INSERT INTO localidad (nombreloc, codloc, nombreprov) VALUES ('CÓRDOBA', 1401, 'CÓRDOBA');
INSERT INTO localidad (nombreloc, codloc, nombreprov) VALUES ('LUCENA', 1402, 'CÓRDOBA');
INSERT INTO localidad (nombreloc, codloc, nombreprov) VALUES ('PUENTE GENIL', 1403, 'CÓRDOBA');
INSERT INTO localidad (nombreloc, codloc, nombreprov) VALUES ('A CORUÑA', 1501, 'A CORUÑA');
INSERT INTO localidad (nombreloc, codloc, nombreprov) VALUES ('FERROL', 1502, 'A CORUÑA');
INSERT INTO localidad (nombreloc, codloc, nombreprov) VALUES ('SANTIAGO DE COMPOSTELA', 1503, 'A CORUÑA');
INSERT INTO localidad (nombreloc, codloc, nombreprov) VALUES ('VALLADOLID', 1601, 'VALLADOLID');
INSERT INTO localidad (nombreloc, codloc, nombreprov) VALUES ('MEDINA DEL CAMPO', 1602, 'VALLADOLID');
INSERT INTO localidad (nombreloc, codloc, nombreprov) VALUES ('LAGUNA DE DUERO', 1603, 'VALLADOLID');
INSERT INTO localidad (nombreloc, codloc, nombreprov) VALUES ('VIGO', 1701, 'VIGO');
INSERT INTO localidad (nombreloc, codloc, nombreprov) VALUES ('PONTEVEDRA', 1702, 'VIGO');
INSERT INTO localidad (nombreloc, codloc, nombreprov) VALUES ('REDONDELA', 1703, 'VIGO');
INSERT INTO localidad (nombreloc, codloc, nombreprov) VALUES ('GIJÓN', 1801, 'GIJÓN');
INSERT INTO localidad (nombreloc, codloc, nombreprov) VALUES ('AVILÉS', 1802, 'GIJÓN');
INSERT INTO localidad (nombreloc, codloc, nombreprov) VALUES ('MIERES', 1803, 'GIJÓN');
INSERT INTO localidad (nombreloc, codloc, nombreprov) VALUES ('PALMA DE MALLORCA', 1901, 'PALMA DE MALLORCA');
INSERT INTO localidad (nombreloc, codloc, nombreprov) VALUES ('CALVIÀ', 1902, 'PALMA DE MALLORCA');
INSERT INTO localidad (nombreloc, codloc, nombreprov) VALUES ('MANACOR', 1903, 'PALMA DE MALLORCA');
INSERT INTO localidad (nombreloc, codloc, nombreprov) VALUES ('LAS PALMAS DE GRAN CANARIA', 2001, 'LAS PALMAS');
INSERT INTO localidad (nombreloc, codloc, nombreprov) VALUES ('TELDE', 2002, 'LAS PALMAS');
INSERT INTO localidad (nombreloc, codloc, nombreprov) VALUES ('SANTA LUCÍA DE TIRAJANA', 2003, 'LAS PALMAS');
INSERT INTO localidad (nombreloc, codloc, nombreprov) VALUES ('CÁCERES', 2101, 'CÁCERES');
INSERT INTO localidad (nombreloc, codloc, nombreprov) VALUES ('PLASENCIA', 2102, 'CÁCERES');
INSERT INTO localidad (nombreloc, codloc, nombreprov) VALUES ('TRUJILLO', 2103, 'CÁCERES');
INSERT INTO localidad (nombreloc, codloc, nombreprov) VALUES ('BURGOS', 2201, 'BURGOS');
INSERT INTO localidad (nombreloc, codloc, nombreprov) VALUES ('TOLEDO', 2301, 'TOLEDO');
INSERT INTO localidad (nombreloc, codloc, nombreprov) VALUES ('TALAVERA DE LA REINA', 2302, 'TOLEDO');
INSERT INTO localidad (nombreloc, codloc, nombreprov) VALUES ('LOGROÑO', 2401, 'LA RIOJA');
INSERT INTO localidad (nombreloc, codloc, nombreprov) VALUES ('HUELVA', 2501, 'HUELVA');
INSERT INTO localidad (nombreloc, codloc, nombreprov) VALUES ('MOGUER', 2502, 'HUELVA');
INSERT INTO localidad (nombreloc, codloc, nombreprov) VALUES ('ALMONTE', 2503, 'HUELVA');
INSERT INTO localidad (nombreloc, codloc, nombreprov) VALUES ('VERÍN', 2603, 'OURENSE');
INSERT INTO localidad (nombreloc, codloc, nombreprov) VALUES ('CUENCA', 2701, 'CUENCA');
INSERT INTO localidad (nombreloc, codloc, nombreprov) VALUES ('CASASIMARRO', 2703, 'CUENCA');
INSERT INTO localidad (nombreloc, codloc, nombreprov) VALUES ('LLEIDA', 2801, 'LLEIDA');
INSERT INTO localidad (nombreloc, codloc, nombreprov) VALUES ('GIRONA', 2901, 'GIRONA');
INSERT INTO localidad (nombreloc, codloc, nombreprov) VALUES ('ALMERÍA', 3001, 'ALMERÍA');
INSERT INTO localidad (nombreloc, codloc, nombreprov) VALUES ('ROQUETAS DE MAR', 3002, 'ALMERÍA');


/*--------------------*/
/*INSERT PARTICIPANTES*/
/*--------------------*/

INSERT INTO participantes (asociado, nombre, ap1, ap2, correo_electronico, telefono, tipo_via, num_via, nombre_via, bloque, escalera, planta, puerta, seccion, nombreloc, nombreprov)
VALUES ('001', 'JUAN', 'GOMEZ', 'LOPEZ', 'JUAN@EJEMPLO.COM', 612345678, 'C', 123, 'ALAMEDA', NULL, NULL, '1', 'A', NULL, 'ALICANTE', 'ALICANTE');

INSERT INTO participantes (asociado, nombre, ap1, ap2, correo_electronico, telefono, tipo_via, num_via, nombre_via, bloque, escalera, planta, puerta, seccion, nombreloc, nombreprov)
VALUES ('002', 'MARIA', 'RODRIGUEZ', 'SANCHEZ', 'MARIA@EJEMPLO.COM', 677889900, 'AVD', 456, 'PLAZA', NULL, NULL, '2', 'B', NULL, 'ELCHE', 'ALICANTE');

INSERT INTO participantes (asociado, nombre, ap1, ap2, correo_electronico, telefono, tipo_via, num_via, nombre_via, bloque, escalera, planta, puerta, seccion, nombreloc, nombreprov)
VALUES ('003', 'PEDRO', 'FERNANDEZ', 'MARTINEZ', 'PEDRO@EJEMPLO.COM', 655443322, 'C', 789, 'CALLE', NULL, NULL, '3', 'C', NULL, 'TORREVIEJA', 'ALICANTE');

INSERT INTO participantes (asociado, nombre, ap1, ap2, correo_electronico, telefono, tipo_via, num_via, nombre_via, bloque, escalera, planta, puerta, seccion, nombreloc, nombreprov)
VALUES ('004', 'LAURA', 'PEREZ', 'GONZALEZ', 'LAURA@EJEMPLO.COM', 612349871, 'AVD', 101, 'AVENIDA', NULL, NULL, '4', 'D', NULL, 'BARCELONA', 'BARCELONA');

INSERT INTO participantes (asociado, nombre, ap1, ap2, correo_electronico, telefono, tipo_via, num_via, nombre_via, bloque, escalera, planta, puerta, seccion, nombreloc, nombreprov)
VALUES ('005', 'CARLOS', 'MARTINEZ', 'RODRIGUEZ', 'CARLOS@EJEMPLO.COM', 655987123, 'C', 202, 'PASEO', NULL, NULL, '5', 'E', NULL, 'HOSPITALET DE LLOBREGAT', 'BARCELONA');

INSERT INTO participantes (asociado, nombre, ap1, ap2, correo_electronico, telefono, tipo_via, num_via, nombre_via, bloque, escalera, planta, puerta, seccion, nombreloc, nombreprov)
VALUES ('006', 'ANA', 'GARCIA', 'HERNANDEZ', 'ANA@EJEMPLO.COM', 677889900, 'AVD', 303, 'RONDA', NULL, NULL, '6', 'F', NULL, 'BADALONA', 'BARCELONA');

INSERT INTO participantes (asociado, nombre, ap1, ap2, correo_electronico, telefono, tipo_via, num_via, nombre_via, bloque, escalera, planta, puerta, seccion, nombreloc, nombreprov)
VALUES ('007', 'RAUL', 'SANCHEZ', 'LOPEZ', 'RAUL@EJEMPLO.COM', 622334455, 'C', 404, 'CAMINO', NULL, NULL, '7', 'G', NULL, 'CÁDIZ', 'CÁDIZ');

INSERT INTO participantes (asociado, nombre, ap1, ap2, correo_electronico, telefono, tipo_via, num_via, nombre_via, bloque, escalera, planta, puerta, seccion, nombreloc, nombreprov)
VALUES ('008', 'ELENA', 'LOPEZ', 'PEREZ', 'ELENA@EJEMPLO.COM', 688997766, 'AVD', 505, 'CARRERA', NULL, NULL, '8', 'H', NULL, 'JEREZ DE LA FRONTERA', 'CÁDIZ');

INSERT INTO participantes (asociado, nombre, ap1, ap2, correo_electronico, telefono, tipo_via, num_via, nombre_via, bloque, escalera, planta, puerta, seccion, nombreloc, nombreprov)
VALUES ('009', 'JORGE', 'GONZALEZ', 'MARTINEZ', 'JORGE@EJEMPLO.COM', 633224455, 'C', 606, 'AVENIDA', NULL, NULL, '9', 'I', NULL, 'ALGECIRAS', 'CÁDIZ');

INSERT INTO participantes (asociado, nombre, ap1, ap2, correo_electronico, telefono, tipo_via, num_via, nombre_via, bloque, escalera, planta, puerta, seccion, nombreloc, nombreprov)
VALUES ('010', 'ISABEL', 'HERNANDEZ', 'SANCHEZ', 'ISABEL@EJEMPLO.COM', 688998877, 'AVD', 707, 'PLAZA', NULL, NULL, '10', 'J', NULL, 'MADRID', 'MADRID');

INSERT INTO participantes (asociado, nombre, ap1, ap2, correo_electronico, telefono, tipo_via, num_via, nombre_via, bloque, escalera, planta, puerta, seccion, nombreloc, nombreprov) 
VALUES ('011', 'CARLOS', 'LÓPEZ', 'MARTÍNEZ', 'CARLOS@CORREO.COM', 688345678, 'C', 789, 'CALLE GRANADA', 'C', 'D', '3', 'E', 'C', 'CÁDIZ', 'CÁDIZ');

INSERT INTO participantes (asociado, nombre, ap1, ap2, correo_electronico, telefono, tipo_via, num_via, nombre_via, bloque, escalera, planta, puerta, seccion, nombreloc, nombreprov) 
VALUES ('012', 'ANA', 'SÁNCHEZ', 'JIMÉNEZ', 'ANA@CORREO.COM', 699456789, 'AVD', 910, 'AVENIDA DE LA PAZ', 'D', 'D', '4', 'A', 'E', 'MADRID', 'MADRID');

INSERT INTO participantes (asociado, nombre, ap1, ap2, correo_electronico, telefono, tipo_via, num_via, nombre_via, bloque, escalera, planta, puerta, seccion, nombreloc, nombreprov) 
VALUES ('013', 'DAVID', 'PÉREZ', 'LÓPEZ', 'DAVID@CORREO.COM', 655567890, 'C', 112, 'CALLE ALAMEDA', 'A', 'E', '5', 'E', 'F', 'VALENCIA', 'VALENCIA');

INSERT INTO participantes (asociado, nombre, ap1, ap2, correo_electronico, telefono, tipo_via, num_via, nombre_via, bloque, escalera, planta, puerta, seccion, nombreloc, nombreprov) 
VALUES ('014', 'CARLOS', 'GUTIÉRREZ', 'GUTIÉRREZ', 'GUTIERREZ@CORREO.COM', 633284407, 'C', 2, 'CALLE REAL', 'E', 'J', '6', 'B', 'F', 'ROQUETAS DE MAR', 'ALMERÍA');

INSERT INTO participantes (asociado, nombre, ap1, ap2, correo_electronico, telefono, tipo_via, num_via, nombre_via, bloque, escalera, planta, puerta, seccion, nombreloc, nombreprov) 
VALUES ('015', 'JOSÉ', 'MARTÍNEZ', 'SÁNCHEZ', 'JOSE@CORREO.COM', 677789012, 'AVD', 214, 'AVENIDA DE CADIZ', 'C', 'G', '7', 'H', 'G', 'ZARAGOZA', 'ZARAGOZA');

INSERT INTO participantes (asociado, nombre, ap1, ap2, correo_electronico, telefono, tipo_via, num_via, nombre_via, bloque, escalera, planta, puerta, seccion, nombreloc, nombreprov) 
VALUES ('016', 'MARTA', 'RODRÍGUEZ', 'GÓMEZ', 'MARTA@CORREO.COM', 688890123, 'C', 315, 'CALLE JARDÍN', 'H', 'G', '8', 'J', 'I', 'CÓRDOBA', 'CÓRDOBA');

INSERT INTO participantes (asociado, nombre, ap1, ap2, correo_electronico, telefono, tipo_via, num_via, nombre_via, bloque, escalera, planta, puerta, seccion, nombreloc, nombreprov) 
VALUES ('017', 'PAULA', 'HERNÁNDEZ', 'MARTÍN', 'PAULA@CORREO.COM', 699901234, 'AVD', 416, 'AVENIDA DE GALICIA', 'H', 'F', '9', 'A', 'C', 'A CORUÑA', 'A CORUÑA');

INSERT INTO participantes (asociado, nombre, ap1, ap2, correo_electronico, telefono, tipo_via, num_via, nombre_via, bloque, escalera, planta, puerta, seccion, nombreloc, nombreprov) 
VALUES ('018', 'PEDRO', 'JIMÉNEZ', 'FERNÁNDEZ', 'PEDRO@CORREO.COM', 600012345, 'C', 517, 'CALLE SOL', 'J', 'A', '10', 'G', 'C', 'VALLADOLID', 'VALLADOLID');

INSERT INTO participantes (asociado, nombre, ap1, ap2, correo_electronico, telefono, tipo_via, num_via, nombre_via, bloque, escalera, planta, puerta, seccion, nombreloc, nombreprov) 
VALUES ('019', 'LUIS', 'MARTÍNEZ', 'GÓMEZ', 'LUIS@CORREO.COM', 611112345, 'AVD', 618, 'AVENIDA LA LIBERTAD', 'K', 'E', '11', 'K', 'E', 'VIGO', 'VIGO');

INSERT INTO participantes (asociado, nombre, ap1, ap2, correo_electronico, telefono, tipo_via, num_via, nombre_via, bloque, escalera, planta, puerta, seccion, nombreloc, nombreprov) 
VALUES ('020', 'EVA', 'RODRÍGUEZ', 'MARTÍNEZ', 'EVA@CORREO.COM', 622223456, 'C', 719, 'CALLE DEL PARQUE', 'A', 'A', '12', 'F', 'L', 'GIJÓN', 'GIJÓN');

INSERT INTO participantes (asociado, nombre, ap1, ap2, correo_electronico, telefono, tipo_via, num_via, nombre_via, bloque, escalera, planta, puerta, seccion, nombreloc, nombreprov) 
VALUES ('021', 'ANA', 'SÁNCHEZ', 'LÓPEZ', 'ANA@CORREO.COM', 633334567, 'AVD', 820, 'AVENIDA LA CONCORDIA', 'A', 'B', '1', 'J', 'M', 'PALMA DE MALLORCA', 'PALMA DE MALLORCA');

INSERT INTO participantes (asociado, nombre, ap1, ap2, correo_electronico, telefono, tipo_via, num_via, nombre_via, bloque, escalera, planta, puerta, seccion, nombreloc, nombreprov) 
VALUES ('022', 'DAVID', 'GUTIÉRREZ', 'PÉREZ', 'DAVID@CORREO.COM', 644445678, 'C', 923, 'CALLE DE LA PAZ', 'E', 'C', '2', 'A', 'C', 'LAS PALMAS DE GRAN CANARIA', 'LAS PALMAS');

INSERT INTO participantes (asociado, nombre, ap1, ap2, correo_electronico, telefono, tipo_via, num_via, nombre_via, bloque, escalera, planta, puerta, seccion, nombreloc, nombreprov) 
VALUES ('023', 'MARÍA', 'FERNÁNDEZ', 'HERNÁNDEZ', 'MARIA@CORREO.COM', 655556789, 'AVD', 820, 'AVENIDA VICTORIA', 'E', 'U', '10', 'I', 'O', 'LOGROÑO', 'LA RIOJA');

INSERT INTO participantes (asociado, nombre, ap1, ap2, correo_electronico, telefono, tipo_via, num_via, nombre_via, bloque, escalera, planta, puerta, seccion, nombreloc, nombreprov) 
VALUES ('024', 'JUAN', 'MARTÍNEZ', 'GÓMEZ', 'JUAN@CORREO.COM', 666667890, 'C', 100, 'CALLE PRINCIPAL', 'B', 'C', '7', 'P', 'A', 'SANTA LUCÍA DE TIRAJANA', 'LAS PALMAS');

INSERT INTO participantes (asociado, nombre, ap1, ap2, correo_electronico, telefono, tipo_via, num_via, nombre_via, bloque, escalera, planta, puerta, seccion, nombreloc, nombreprov) 
VALUES ('025', 'PAULA', 'RODRÍGUEZ', 'SÁNCHEZ', 'PAULA@CORREO.COM', 677778901, 'AVD', 231, 'AVENIDA LIBERTAD', 'B', 'F', '5', 'A', 'B', 'MEDINA DEL CAMPO', 'VALLADOLID');

INSERT INTO participantes (asociado, nombre, ap1, ap2, correo_electronico, telefono, tipo_via, num_via, nombre_via, bloque, escalera, planta, puerta, seccion, nombreloc, nombreprov) 
VALUES ('026', 'CARLOS', 'GÓMEZ', 'RODRÍGUEZ', 'CARLOS@CORREO.COM', 688890123, 'C', 3, 'CALLE PRINCIPAL', 'F', 'J', '3', 'A', 'B', 'BURGOS', 'BURGOS');

INSERT INTO participantes (asociado, nombre, ap1, ap2, correo_electronico, telefono, tipo_via, num_via, nombre_via, bloque, escalera, planta, puerta, seccion, nombreloc, nombreprov) 
VALUES ('027', 'ANA', 'RODRÍGUEZ', 'GÓMEZ', 'ANA@CORREO.COM', 699901234, 'AVD', 4, 'AVENIDA LA PAZ', 'A', 'B', '4', 'E', 'K', 'BURGOS', 'BURGOS');

INSERT INTO participantes (asociado, nombre, ap1, ap2, correo_electronico, telefono, tipo_via, num_via, nombre_via, bloque, escalera, planta, puerta, seccion, nombreloc, nombreprov) 
VALUES ('028', 'DAVID', 'GÓMEZ', 'RODRÍGUEZ', 'DAVID@CORREO.COM', 600012345, 'C', 23, 'CALLE MAYOR', 'E', 'H', '6', 'A', 'C', 'BURGOS', 'BURGOS');

INSERT INTO participantes (asociado, nombre, ap1, ap2, correo_electronico, telefono, tipo_via, num_via, nombre_via, bloque, escalera, planta, puerta, seccion, nombreloc, nombreprov) 
VALUES ('29', 'ROBERTO', 'GÓMEZ', 'HERNÁNDEZ', 'ROBERTO@CORREO.COM', 611112345, 'AVD', 262, 'AVENIDA DEL PARQUE', 'A', 'E', '5', 'B', 'C', 'HUELVA', 'HUELVA');

INSERT INTO participantes (asociado, nombre, ap1, ap2, correo_electronico, telefono, tipo_via, num_via, nombre_via, bloque, escalera, planta, puerta, seccion, nombreloc, nombreprov) 
VALUES ('030', 'ANDREA', 'FERNÁNDEZ', 'GARCÍA', 'ANDREA@CORREO.COM', 622223456, 'C', 272, 'CALLE REAL', 'F', 'F', '9', 'B', 'F', 'BURGOS', 'BURGOS');

INSERT INTO participantes (asociado, nombre, ap1, ap2, correo_electronico, telefono, tipo_via, num_via, nombre_via, bloque, escalera, planta, puerta, seccion, nombreloc, nombreprov) 
VALUES ('031', 'RAÚL', 'MARTÍNEZ', 'RODRÍGUEZ', 'RAUL@CORREO.COM', 633334567, 'AVD', 282, 'AVENIDA DE LA PAZ', 'G', 'G', '7', 'A', 'F', 'CUENCA', 'CUENCA');

INSERT INTO participantes (asociado, nombre, ap1, ap2, correo_electronico, telefono, tipo_via, num_via, nombre_via, bloque, escalera, planta, puerta, seccion, nombreloc, nombreprov) 
VALUES ('032', 'SANDRA', 'GARCÍA', 'LÓPEZ', 'SANDRA@CORREO.COM', 644445678, 'C', 292, 'CALLE MAYOR', 'A', 'A', '1', 'B', 'A', 'LLEIDA', 'LLEIDA');

INSERT INTO participantes (asociado, nombre, ap1, ap2, correo_electronico, telefono, tipo_via, num_via, nombre_via, bloque, escalera, planta, puerta, seccion, nombreloc, nombreprov) 
VALUES ('033', 'MIGUEL', 'LÓPEZ', 'MARTÍNEZ', 'MIGUEL@CORREO.COM', 655556789, 'AVD', 302, 'AVENIDA LA LIBERTAD', 'B', 'B', '2', 'A', 'K', 'GIRONA', 'GIRONA');

INSERT INTO participantes (asociado, nombre, ap1, ap2, correo_electronico, telefono, tipo_via, num_via, nombre_via, bloque, escalera, planta, puerta, seccion, nombreloc, nombreprov) 
VALUES ('034', 'JULIA', 'SÁNCHEZ', 'GÓMEZ', 'JULIA@CORREO.COM', 666667890, 'C', 312, 'CALLE CONSTITUCIÓN', 'C', 'C', '3', 'C', 'J', 'ALMERÍA', 'ALMERÍA');

INSERT INTO participantes (asociado, nombre, ap1, ap2, correo_electronico, telefono, tipo_via, num_via, nombre_via, bloque, escalera, planta, puerta, seccion, nombreloc, nombreprov) 
VALUES ('035', 'SARA', 'GÓMEZ', 'RODRÍGUEZ', 'SARA@CORREO.COM', 677778901, 'AVD', 322, 'AVENIDA DEL PARQUE', 'K', 'K', '16', 'A', 'N', 'CÁCERES', 'CÁCERES');

INSERT INTO participantes (asociado, nombre, ap1, ap2, correo_electronico, telefono, tipo_via, num_via, nombre_via, bloque, escalera, planta, puerta, seccion, nombreloc, nombreprov) 
VALUES ('036', 'DIEGO', 'GÓMEZ', 'MARTÍNEZ', 'DIEGO@CORREO.COM', 688890123, 'C', 332, 'CALLE DE LA PAZ', 'E', 'E', '8', 'A', 'C', 'BURGOS', 'BURGOS');

INSERT INTO participantes (asociado, nombre, ap1, ap2, correo_electronico, telefono, tipo_via, num_via, nombre_via, bloque, escalera, planta, puerta, seccion, nombreloc, nombreprov) 
VALUES ('037', 'ELENA', 'SÁNCHEZ', 'GARCÍA', 'ELENA@CORREO.COM', 699901234, 'AVD', 342, 'AVENIDA LIBERTAD', 'G', 'G', '7', 'F', 'F', 'TOLEDO', 'TOLEDO');

INSERT INTO participantes (asociado, nombre, ap1, ap2, correo_electronico, telefono, tipo_via, num_via, nombre_via, bloque, escalera, planta, puerta, seccion, nombreloc, nombreprov) 
VALUES ('038', 'JORGE', 'MARTÍNEZ', 'GÓMEZ', 'JORGE@CORREO.COM', 600012345, 'C', 352, 'CALLE REAL', 'E', 'E', '5', 'C', 'E', 'CÁCERES', 'CÁCERES');

INSERT INTO participantes (asociado, nombre, ap1, ap2, correo_electronico, telefono, tipo_via, num_via, nombre_via, bloque, escalera, planta, puerta, seccion, nombreloc, nombreprov) 
VALUES ('039', 'MARTA', 'GÓMEZ', 'RODRÍGUEZ', 'MARTA@CORREO.COM', 611112345, 'AVD', 362, 'AVENIDA DEL PARQUE', 'O', 'O', '13', 'O', 'O', 'HUELVA', 'HUELVA');

INSERT INTO participantes (asociado, nombre, ap1, ap2, correo_electronico, telefono, tipo_via, num_via, nombre_via, bloque, escalera, planta, puerta, seccion, nombreloc, nombreprov) 
VALUES ('040', 'JORGE', 'FERNÁNDEZ', 'GARCÍA', 'JORGE@CORREO.COM', 622223456, 'C', 372, 'CALLE REAL', 'P', 'P', '20', 'P', 'P', 'HUELVA', 'HUELVA');

INSERT INTO participantes (asociado, nombre, ap1, ap2, correo_electronico, telefono, tipo_via, num_via, nombre_via, bloque, escalera, planta, puerta, seccion, nombreloc, nombreprov) 
VALUES ('041', 'CARLA', 'MARTÍNEZ', 'LÓPEZ', 'CARLA@CORREO.COM', 633334567, 'AVD', 382, 'AVENIDA DE LA PAZ', 'E', 'E', '4', 'A', 'E', 'CUENCA', 'CUENCA');

INSERT INTO participantes (asociado, nombre, ap1, ap2, correo_electronico, telefono, tipo_via, num_via, nombre_via, bloque, escalera, planta, puerta, seccion, nombreloc, nombreprov) 
VALUES ('042', 'SERGIO', 'GARCÍA', 'GÓMEZ', 'SERGIO@CORREO.COM', 644445678, 'C', 392, 'CALLE MAYOR', 'B', 'B', '2', 'B', 'C', 'LLEIDA', 'LLEIDA');

INSERT INTO participantes (asociado, nombre, ap1, ap2, correo_electronico, telefono, tipo_via, num_via, nombre_via, bloque, escalera, planta, puerta, seccion, nombreloc, nombreprov) 
VALUES ('043', 'MARTA', 'GÓMEZ', 'RODRÍGUEZ', 'MARTA@CORREO.COM', 644778899, 'C', 452, 'CALLE PRINCIPAL', 'H', 'B', '7', 'A', 'I', 'CUENCA', 'CUENCA');

INSERT INTO participantes (asociado, nombre, ap1, ap2, correo_electronico, telefono, tipo_via, num_via, nombre_via, bloque, escalera, planta, puerta, seccion, nombreloc, nombreprov) 
VALUES ('044', 'SARA', 'GÓMEZ', 'LÓPEZ', 'SARA@CORREO.COM', 611888899, 'AVD', 502, 'AVENIDA DE ESPAÑA', 'B', 'D', '12', 'C', 'N', 'CÓRDOBA', 'CÓRDOBA');

INSERT INTO participantes (asociado, nombre, ap1, ap2, correo_electronico, telefono, tipo_via, num_via, nombre_via, bloque, escalera, planta, puerta, seccion, nombreloc, nombreprov) 
VALUES ('045', 'MARTA', 'GÓMEZ', 'RODRÍGUEZ', 'MARTA@CORREO.COM', 644778899, 'C', 452, 'CALLE PRINCIPAL', 'H', 'B', '7', 'A', 'I', 'CUENCA', 'CUENCA');

INSERT INTO participantes (asociado, nombre, ap1, ap2, correo_electronico, telefono, tipo_via, num_via, nombre_via, bloque, escalera, planta, puerta, seccion, nombreloc, nombreprov) 
VALUES ('046', 'CARLA', 'GARCÍA', 'SÁNCHEZ', 'CARLA@CORREO.COM', 655778899, 'C', 472, 'CALLE MAYOR', 'J', 'A', '9', 'C', 'K', 'CUENCA', 'CUENCA');

INSERT INTO participantes (asociado, nombre, ap1, ap2, correo_electronico, telefono, tipo_via, num_via, nombre_via, bloque, escalera, planta, puerta, seccion, nombreloc, nombreprov) 
VALUES ('047', 'MIGUEL', 'GÓMEZ', 'FERNÁNDEZ', 'MIGUEL@CORREO.COM', 622334455, 'AVD', 472, 'AVENIDA CONSTI', 'A', 'B', '1', 'A', 'F', 'CÁCERES', 'CÁCERES');

INSERT INTO participantes (asociado, nombre, ap1, ap2, correo_electronico, telefono, tipo_via, num_via, nombre_via, bloque, escalera, planta, puerta, seccion, nombreloc, nombreprov) 
VALUES ('048', 'ANA', 'RODRÍGUEZ', 'GÓMEZ', 'ANA@CORREO.COM', 633445566, 'C', 482, 'CALLE REAL', 'B', 'C', '2', 'B', 'G', 'VALLADOLID', 'VALLADOLID');

INSERT INTO participantes (asociado, nombre, ap1, ap2, correo_electronico, telefono, tipo_via, num_via, nombre_via, bloque, escalera, planta, puerta, seccion, nombreloc, nombreprov) 
VALUES ('049', 'ROSA', 'MARTÍNEZ', 'SÁNCHEZ', 'ROSA@CORREO.COM', 644556677, 'AVD', 492, 'AVENIDA LIBERTAD', 'C', 'D', '3', 'C', 'H', 'ALICANTE', 'ALICANTE');

INSERT INTO participantes (asociado, nombre, ap1, ap2, correo_electronico, telefono, tipo_via, num_via, nombre_via, bloque, escalera, planta, puerta, seccion, nombreloc, nombreprov) 
VALUES ('050', 'DAVID', 'SÁNCHEZ', 'LÓPEZ', 'DAVID@CORREO.COM', 611667788, 'C', 502, 'CALLE PRINCIPAL', 'D', 'A', '4', 'D', 'I', 'ALICANTE', 'ALICANTE');

INSERT INTO participantes (asociado, nombre, ap1, ap2, correo_electronico, telefono, tipo_via, num_via, nombre_via, bloque, escalera, planta, puerta, seccion, nombreloc, nombreprov) 
VALUES ('051', 'CRISTINA', 'GARCÍA', 'RODRÍGUEZ', 'CRISTINA@CORREO.COM', 677889900, 'AVD', 512, 'AVENIDA DEL PARQUE', 'E', 'B', '5', 'A', 'J', 'CUENCA', 'CUENCA');

INSERT INTO participantes (asociado, nombre, ap1, ap2, correo_electronico, telefono, tipo_via, num_via, nombre_via, bloque, escalera, planta, puerta, seccion, nombreloc, nombreprov) 
VALUES ('052', 'PABLO', 'RODRÍGUEZ', 'MARTÍNEZ', 'PABLO@CORREO.COM', 688990011, 'C', 522, 'CALLE MAYOR', 'F', 'C', '6', 'B', 'K', 'TOLEDO', 'TOLEDO');

INSERT INTO participantes (asociado, nombre, ap1, ap2, correo_electronico, telefono, tipo_via, num_via, nombre_via, bloque, escalera, planta, puerta, seccion, nombreloc, nombreprov) 
VALUES ('053', 'MARÍA', 'MARTÍNEZ', 'GÓMEZ', 'MARIA@CORREO.COM', 655001122, 'AVD', 532, 'AVENIDA CONSTI', 'G', 'A', '7', 'C', 'L', 'HOSPITALET DE LLOBREGAT', 'BARCELONA');

INSERT INTO participantes (asociado, nombre, ap1, ap2, correo_electronico, telefono, tipo_via, num_via, nombre_via, bloque, escalera, planta, puerta, seccion, nombreloc, nombreprov) 
VALUES ('054', 'ALICIA', 'GÓMEZ', 'SÁNCHEZ', 'ALICIA@CORREO.COM', 622112233, 'C', 542, 'CALLE REAL', 'H', 'B', '8', 'D', 'M', 'ZARAGOZA', 'ZARAGOZA');

INSERT INTO participantes (asociado, nombre, ap1, ap2, correo_electronico, telefono, tipo_via, num_via, nombre_via, bloque, escalera, planta, puerta, seccion, nombreloc, nombreprov) 
VALUES ('057', 'JUAN', 'SÁNCHEZ', 'FERNÁNDEZ', 'JUAN@CORREO.COM', 633223344, 'AVD', 552, 'AVENIDA DEL PARQUE', 'I', 'C', '9', 'A', 'N', 'ALICANTE', 'ALICANTE');

INSERT INTO participantes (asociado, nombre, ap1, ap2, correo_electronico, telefono, tipo_via, num_via, nombre_via, bloque, escalera, planta, puerta, seccion, nombreloc, nombreprov) 
VALUES ('058', 'EVA', 'RODRÍGUEZ', 'MARTÍNEZ', 'EVA@CORREO.COM', 644334455, 'C', 562, 'CALLE MAYOR', 'J', 'A', '10', 'B', 'O', 'MADRID', 'MADRID');

INSERT INTO participantes (asociado, nombre, ap1, ap2, correo_electronico, telefono, tipo_via, num_via, nombre_via, bloque, escalera, planta, puerta, seccion, nombreloc, nombreprov) 
VALUES ('059', 'ANTONIO', 'GÓMEZ', 'RODRÍGUEZ', 'ANTONIO@CORREO.COM', 655667788, 'AVD', 572, 'AVENIDA LIBERTAD', 'K', 'B', '11', 'C', 'P', 'VALENCIA', 'VALENCIA');

INSERT INTO participantes (asociado, nombre, ap1, ap2, correo_electronico, telefono, tipo_via, num_via, nombre_via, bloque, escalera, planta, puerta, seccion, nombreloc, nombreprov) 
VALUES ('060', 'ELENA', 'SÁNCHEZ', 'GÓMEZ', 'ELENA@CORREO.COM', 677778899, 'C', 582, 'CALLE REAL', 'L', 'C', '12', 'D', 'Q', 'VALENCIA', 'VALENCIA');

INSERT INTO participantes (asociado, nombre, ap1, ap2, correo_electronico, telefono, tipo_via, num_via, nombre_via, bloque, escalera, planta, puerta, seccion, nombreloc, nombreprov) 
VALUES ('061', 'JULIA', 'MARTÍNEZ', 'RODRÍGUEZ', 'JULIA@CORREO.COM', 688889900, 'AVD', 592, 'AVENIDA CONSTI', 'M', 'A', '13', 'A', 'R', 'ALICANTE', 'ALICANTE');

INSERT INTO participantes (asociado, nombre, ap1, ap2, correo_electronico, telefono, tipo_via, num_via, nombre_via, bloque, escalera, planta, puerta, seccion, nombreloc, nombreprov) 
VALUES ('062', 'CARLOS', 'RODRÍGUEZ', 'SÁNCHEZ', 'CARLOS@CORREO.COM', 699001122, 'C', 602, 'CALLE PRINCIPAL', 'N', 'B', '14', 'B', 'S', 'BARCELONA', 'BARCELONA');

INSERT INTO participantes (asociado, nombre, ap1, ap2, correo_electronico, telefono, tipo_via, num_via, nombre_via, bloque, escalera, planta, puerta, seccion, nombreloc, nombreprov) 
VALUES ('063', 'ANDREA', 'GARCÍA', 'MARTÍNEZ', 'ANDREA@CORREO.COM', 677112233, 'AVD', 612, 'AVENIDA DEL PARQUE', 'O', 'C', '15', 'C', 'T', 'ALICANTE', 'ALICANTE');

INSERT INTO participantes (asociado, nombre, ap1, ap2, correo_electronico, telefono, tipo_via, num_via, nombre_via, bloque, escalera, planta, puerta, seccion, nombreloc, nombreprov) 
VALUES ('064', 'MARTA', 'MARTÍNEZ', 'GÓMEZ', 'MARTA@CORREO.COM', 688223344, 'C', 622, 'CALLE REAL', 'P', 'A', '16', 'D', 'U', 'ZARAGOZA', 'ZARAGOZA');

INSERT INTO participantes (asociado, nombre, ap1, ap2, correo_electronico, telefono, tipo_via, num_via, nombre_via, bloque, escalera, planta, puerta, seccion, nombreloc, nombreprov) 
VALUES ('065', 'FRANCISCO', 'SÁNCHEZ', 'RODRÍGUEZ', 'FRANCISCO@CORREO.COM', 677334455, 'AVD', 632, 'AVENIDA DEL PARQUE', 'Q', 'B', '17', 'A', 'V', 'LLEIDA', 'LLEIDA');

INSERT INTO participantes (asociado, nombre, ap1, ap2, correo_electronico, telefono, tipo_via, num_via, nombre_via, bloque, escalera, planta, puerta, seccion, nombreloc, nombreprov) 
VALUES ('066', 'ROCÍO', 'GÓMEZ', 'MARTÍNEZ', 'ROCIO@CORREO.COM', 688445566, 'C', 642, 'CALLE MAYOR', 'R', 'C', '18', 'B', 'W', 'MADRID', 'MADRID');

INSERT INTO participantes (asociado, nombre, ap1, ap2, correo_electronico, telefono, tipo_via, num_via, nombre_via, bloque, escalera, planta, puerta, seccion, nombreloc, nombreprov) 
VALUES ('067', 'JORGE', 'RODRÍGUEZ', 'SÁNCHEZ', 'JORGE@CORREO.COM', 699556677, 'AVD', 652, 'AVENIDA LIBERTAD', 'S', 'A', '19', 'C', 'X', 'VALENCIA', 'VALENCIA');

INSERT INTO participantes (asociado, nombre, ap1, ap2, correo_electronico, telefono, tipo_via, num_via, nombre_via, bloque, escalera, planta, puerta, seccion, nombreloc, nombreprov) 
VALUES ('068', 'MARÍA', 'GÓMEZ', 'RODRÍGUEZ', 'MARIA@CORREO.COM', 677788899, 'AVD', 682, 'AVENIDA CONSTI', 'T', 'B', '20', 'A', 'Y', 'ALICANTE', 'ALICANTE');

INSERT INTO participantes (asociado, nombre, ap1, ap2, correo_electronico, telefono, tipo_via, num_via, nombre_via, bloque, escalera, planta, puerta, seccion, nombreloc, nombreprov) 
VALUES ('069', 'ANTONIO', 'MARTÍNEZ', 'GÓMEZ', 'ANTONIOM@CORREO.COM', 688899900, 'C', 692, 'CALLE MAYOR', 'U', 'C', '21', 'B', 'Z', 'BARCELONA', 'BARCELONA');

INSERT INTO participantes (asociado, nombre, ap1, ap2, correo_electronico, telefono, tipo_via, num_via, nombre_via, bloque, escalera, planta, puerta, seccion, nombreloc, nombreprov) 
VALUES ('070', 'IRENE', 'RODRÍGUEZ', 'SÁNCHEZ', 'IRENE@CORREO.COM', 699001122, 'AVD', 702, 'AVENIDA PARQUE', 'V', 'A', '22', 'C', 'AA', 'ALICANTE', 'ALICANTE');

INSERT INTO participantes (asociado, nombre, ap1, ap2, correo_electronico, telefono, tipo_via, num_via, nombre_via, bloque, escalera, planta, puerta, seccion, nombreloc, nombreprov) 
VALUES ('071', 'RAÚL', 'SÁNCHEZ', 'GARCÍA', 'RAUL@CORREO.COM', 677112233, 'C', 712, 'CALLE REAL', 'W', 'B', '23', 'D', 'AB', 'ZARAGOZA', 'ZARAGOZA');

INSERT INTO participantes (asociado, nombre, ap1, ap2, correo_electronico, telefono, tipo_via, num_via, nombre_via, bloque, escalera, planta, puerta, seccion, nombreloc, nombreprov) 
VALUES ('072', 'LAURA', 'MARTÍNEZ', 'GÓMEZ', 'LAURA@CORREO.COM', 688223344, 'AVD', 722, 'AVENIDA LIBERTAD', 'X', 'C', '24', 'A', 'AC', 'ZARAGOZA', 'ZARAGOZA');

INSERT INTO participantes (asociado, nombre, ap1, ap2, correo_electronico, telefono, tipo_via, num_via, nombre_via, bloque, escalera, planta, puerta, seccion, nombreloc, nombreprov) 
VALUES ('073', 'CARLOS', 'GÓMEZ', 'RODRÍGUEZ', 'CARLOS@CORREO.COM', 677334455, 'C', 732, 'CALLE PRINCIPAL', 'Y', 'A', '25', 'B', 'AD', 'MADRID', 'MADRID');

INSERT INTO participantes (asociado, nombre, ap1, ap2, correo_electronico, telefono, tipo_via, num_via, nombre_via, bloque, escalera, planta, puerta, seccion, nombreloc, nombreprov) 
VALUES ('074', 'ANDREA', 'SÁNCHEZ', 'MARTÍNEZ', 'ANDREA@CORREO.COM', 688445566, 'AVD', 742, 'AVENIDA CONSTI', 'Z', 'B', '26', 'C', 'AE', 'VALENCIA', 'VALENCIA');

INSERT INTO participantes (asociado, nombre, ap1, ap2, correo_electronico, telefono, tipo_via, num_via, nombre_via, bloque, escalera, planta, puerta, seccion, nombreloc, nombreprov) 
VALUES ('075', 'DAVID', 'MARTÍNEZ', 'GÓMEZ', 'DAVID@CORREO.COM', 699556677, 'C', 752, 'CALLE REAL', 'A', 'C', '27', 'D', 'AF', 'BARCELONA', 'BARCELONA');

INSERT INTO participantes (asociado, nombre, ap1, ap2, correo_electronico, telefono, tipo_via, num_via, nombre_via, bloque, escalera, planta, puerta, seccion, nombreloc, nombreprov) 
VALUES ('076', 'SARA', 'GARCÍA', 'RODRÍGUEZ', 'SARA@CORREO.COM', 677667788, 'AVD', 762, 'AVENIDA DEL PARQUE', 'B', 'A', '28', 'A', 'AG', 'MADRID', 'MADRID');

INSERT INTO participantes (asociado, nombre, ap1, ap2, correo_electronico, telefono, tipo_via, num_via, nombre_via, bloque, escalera, planta, puerta, seccion, nombreloc, nombreprov) 
VALUES ('077', 'PABLO', 'SÁNCHEZ', 'GÓMEZ', 'PABLO@CORREO.COM', 688778899, 'C', 772, 'CALLE PRINCIPAL', 'C', 'B', '29', 'B', 'AH', 'ZARAGOZA', 'ZARAGOZA');

INSERT INTO participantes (asociado, nombre, ap1, ap2, correo_electronico, telefono, tipo_via, num_via, nombre_via, bloque, escalera, planta, puerta, seccion, nombreloc, nombreprov) 
VALUES ('078', 'ELENA', 'RODRÍGUEZ', 'MARTÍNEZ', 'ELENA@CORREO.COM', 699889900, 'AVD', 782, 'AVENIDA LIBERTAD', 'D', 'C', '30', 'C', 'AI', 'GIRONA', 'GIRONA');

INSERT INTO participantes (asociado, nombre, ap1, ap2, correo_electronico, telefono, tipo_via, num_via, nombre_via, bloque, escalera, planta, puerta, seccion, nombreloc, nombreprov)
VALUES ('079', 'MIGUEL', 'MARTÍNEZ', 'GÓMEZ', 'ANA@CORREO.COM', 688990011, 'C', 801, 'PLAZA MAYOR', 'H', 'A', '1', 'A', 'A', 'GIRONA', 'GIRONA');

INSERT INTO participantes (asociado, nombre, ap1, ap2, correo_electronico, telefono, tipo_via, num_via, nombre_via, bloque, escalera, planta, puerta, seccion, nombreloc, nombreprov)
VALUES ('080', 'ANA', 'MARTÍNEZ', 'GÓMEZ', 'ANA@CORREO.COM', 688990011, 'AVD', 801, 'PLAZA MAYOR', 'H', 'A', '1', 'A', 'A', 'ALICANTE', 'ALICANTE');

INSERT INTO participantes (asociado, nombre, ap1, ap2, correo_electronico, telefono, tipo_via, num_via, nombre_via, bloque, escalera, planta, puerta, seccion, nombreloc, nombreprov)
VALUES ('081', 'JORGE', 'GÓMEZ', 'SÁNCHEZ', 'JORGE@CORREO.COM', 677112233, 'C', 812, 'CALLE PRINCIPAL', 'J', 'B', '2', 'B', 'B', 'BARCELONA', 'BARCELONA');

INSERT INTO participantes (asociado, nombre, ap1, ap2, correo_electronico, telefono, tipo_via, num_via, nombre_via, bloque, escalera, planta, puerta, seccion, nombreloc, nombreprov)
VALUES ('082', 'MARINA', 'SÁNCHEZ', 'RODRÍGUEZ', 'MARINA@CORREO.COM', 699001122, 'AVD', 822, 'AVENIDA LIBERTAD', 'K', 'C', '3', 'C', 'C', 'BARCELONA', 'BARCELONA');

INSERT INTO participantes (asociado, nombre, ap1, ap2, correo_electronico, telefono, tipo_via, num_via, nombre_via, bloque, escalera, planta, puerta, seccion, nombreloc, nombreprov)
VALUES ('083', 'DIEGO', 'RODRÍGUEZ', 'GÓMEZ', 'DIEGO@CORREO.COM', 677334455, 'C', 832, 'CALLE REAL', 'L', 'A', '4', 'D', 'D', 'ZARAGOZA', 'ZARAGOZA');

INSERT INTO participantes (asociado, nombre, ap1, ap2, correo_electronico, telefono, tipo_via, num_via, nombre_via, bloque, escalera, planta, puerta, seccion, nombreloc, nombreprov)
VALUES ('084', 'CELIA', 'MARTÍNEZ', 'SÁNCHEZ', 'CELIA@CORREO.COM', 688778899, 'C', 842, 'PLAZA DEL SOL', 'M', 'B', '5', 'A', 'E', 'ZARAGOZA', 'ZARAGOZA');

INSERT INTO participantes (asociado, nombre, ap1, ap2, correo_electronico, telefono, tipo_via, num_via, nombre_via, bloque, escalera, planta, puerta, seccion, nombreloc, nombreprov)
VALUES ('085', 'MARIO', 'SÁNCHEZ', 'RODRÍGUEZ', 'MARIO@CORREO.COM', 699556677, 'AVD', 852, 'AVENIDA DEL PARQUE', 'N', 'A', '6', 'B', 'F', 'MADRID', 'MADRID');

INSERT INTO participantes (asociado, nombre, ap1, ap2, correo_electronico, telefono, tipo_via, num_via, nombre_via, bloque, escalera, planta, puerta, seccion, nombreloc, nombreprov)
VALUES ('086', 'BEATRIZ', 'RODRÍGUEZ', 'MARTÍNEZ', 'BEATRIZ@CORREO.COM', 677667788, 'C', 862, 'CALLE PRINCIPAL', 'O', 'B', '7', 'C', 'G', 'VALENCIA', 'VALENCIA');

INSERT INTO participantes (asociado, nombre, ap1, ap2, correo_electronico, telefono, tipo_via, num_via, nombre_via, bloque, escalera, planta, puerta, seccion, nombreloc, nombreprov)
VALUES ('087', 'JORGE', 'GÓMEZ', 'GARCÍA', 'JORGE@CORREO.COM', 688445566, 'AVD', 872, 'AVENIDA DEL PARQUE', 'P', 'C', '8', 'D', 'H', 'BARCELONA', 'BARCELONA');

INSERT INTO participantes (asociado, nombre, ap1, ap2, correo_electronico, telefono, tipo_via, num_via, nombre_via, bloque, escalera, planta, puerta, seccion, nombreloc, nombreprov)
VALUES ('088', 'NATALIA', 'GARCÍA', 'MARTÍNEZ', 'NATALIA@CORREO.COM', 677778899, 'C', 882, 'CALLE MAYOR', 'Q', 'A', '9', 'A', 'I', 'BARCELONA', 'BARCELONA');

INSERT INTO participantes (asociado, nombre, ap1, ap2, correo_electronico, telefono, tipo_via, num_via, nombre_via, bloque, escalera, planta, puerta, seccion, nombreloc, nombreprov)
VALUES ('089', 'PEDRO', 'SÁNCHEZ', 'GÓMEZ', 'PEDRO@CORREO.COM', 699889900, 'AVD', 892, 'AVENIDA LIBERTAD', 'R', 'B', '10', 'B', 'J', 'ZARAGOZA', 'ZARAGOZA');

INSERT INTO participantes (asociado, nombre, ap1, ap2, correo_electronico, telefono, tipo_via, num_via, nombre_via, bloque, escalera, planta, puerta, seccion, nombreloc, nombreprov)
VALUES ('090', 'SOFÍA', 'RODRÍGUEZ', 'GÓMEZ', 'SOFIA@CORREO.COM', 688990011, 'AVD', 902, 'PLAZA DEL SOL', 'A', 'A', '1', 'A', 'A', 'ALICANTE', 'ALICANTE');

INSERT INTO participantes (asociado, nombre, ap1, ap2, correo_electronico, telefono, tipo_via, num_via, nombre_via, bloque, escalera, planta, puerta, seccion, nombreloc, nombreprov)
VALUES ('091', 'MARIO', 'GÓMEZ', 'SÁNCHEZ', 'MARIO@CORREO.COM', 677112233, 'C', 912, 'CALLE SERRANO', 'B', 'B', '2', 'B', 'B', 'BARCELONA', 'BARCELONA');

INSERT INTO participantes (asociado, nombre, ap1, ap2, correo_electronico, telefono, tipo_via, num_via, nombre_via, bloque, escalera, planta, puerta, seccion, nombreloc, nombreprov)
VALUES ('092', 'CAROLINA', 'SÁNCHEZ', 'GARCÍA', 'CAROLINA@CORREO.COM', 699001122, 'AVD', 923, 'AVENIDA DE LA PAZ', 'C', 'C', '3', 'C', 'C', 'BARCELONA', 'BARCELONA');

INSERT INTO participantes (asociado, nombre, ap1, ap2, correo_electronico, telefono, tipo_via, num_via, nombre_via, bloque, escalera, planta, puerta, seccion, nombreloc, nombreprov)
VALUES ('093', 'DIEGO', 'GARCÍA', 'RODRÍGUEZ', 'DIEGO@CORREO.COM', 677334455, 'C', 934, 'CALLE MAYOR', 'D', 'A', '4', 'D', 'D', 'ZARAGOZA', 'ZARAGOZA');

INSERT INTO participantes (asociado, nombre, ap1, ap2, correo_electronico, telefono, tipo_via, num_via, nombre_via, bloque, escalera, planta, puerta, seccion, nombreloc, nombreprov)
VALUES ('094', 'LAURA', 'RODRÍGUEZ', 'GÓMEZ', 'LAURA@CORREO.COM', 688778899, 'C', 945, 'PLAZA CONSTI', 'E', 'B', '5', 'A', 'E', 'ZARAGOZA', 'ZARAGOZA');

INSERT INTO participantes (asociado, nombre, ap1, ap2, correo_electronico, telefono, tipo_via, num_via, nombre_via, bloque, escalera, planta, puerta, seccion, nombreloc, nombreprov)
VALUES ('095', 'JUAN', 'GÓMEZ', 'MARTÍNEZ', 'JUAN@CORREO.COM', 699556677, 'AVD', 956, 'AVENIDA PALMERAS', 'F', 'A', '6', 'B', 'F', 'MADRID', 'MADRID');

INSERT INTO participantes (asociado, nombre, ap1, ap2, correo_electronico, telefono, tipo_via, num_via, nombre_via, bloque, escalera, planta, puerta, seccion, nombreloc, nombreprov)
VALUES ('096', 'PAULA', 'MARTÍNEZ', 'SÁNCHEZ', 'PAULA@CORREO.COM', 688445566, 'AVD', 967, 'AVENIDA CONSTI', 'G', 'C', '7', 'C', 'G', 'VALENCIA', 'VALENCIA');

INSERT INTO participantes (asociado, nombre, ap1, ap2, correo_electronico, telefono, tipo_via, num_via, nombre_via, bloque, escalera, planta, puerta, seccion, nombreloc, nombreprov)
VALUES ('097', 'ANTONIO', 'SÁNCHEZ', 'GÓMEZ', 'ANTONIO@CORREO.COM', 677667788, 'C', 978, 'CALLE REAL', 'H', 'A', '8', 'D', 'H', 'BARCELONA', 'BARCELONA');

INSERT INTO participantes (asociado, nombre, ap1, ap2, correo_electronico, telefono, tipo_via, num_via, nombre_via, bloque, escalera, planta, puerta, seccion, nombreloc, nombreprov)
VALUES ('098', 'MARÍA', 'GÓMEZ', 'RODRÍGUEZ', 'MARIA@CORREO.COM', 677778899, 'C', 989, 'CALLE MAYOR', 'I', 'B', '9', 'A', 'I', 'MADRID', 'MADRID');

INSERT INTO participantes (asociado, nombre, ap1, ap2, correo_electronico, telefono, tipo_via, num_via, nombre_via, bloque, escalera, planta, puerta, seccion, nombreloc, nombreprov)
VALUES ('100', 'PEDRO', 'RODRÍGUEZ', 'GARCÍA', 'PEDRO@CORREO.COM', 699889900, 'AVD', 990, 'AVENIDA LIBERTAD', 'J', 'C', '10', 'B', 'J', 'ZARAGOZA', 'ZARAGOZA');

INSERT INTO participantes (asociado, nombre, ap1, ap2, correo_electronico, telefono, tipo_via, num_via, nombre_via, bloque, escalera, planta, puerta, seccion, nombreloc, nombreprov)
VALUES ('101', 'RAÚL', 'MARTÍNEZ', 'GÓMEZ', 'RAUL@CORREO.COM', 688990011, 'C', 101, 'PLAZA DEL SOL', 'A', 'A', '1', 'A', 'A', 'ALICANTE', 'ALICANTE');

INSERT INTO participantes (asociado, nombre, ap1, ap2, correo_electronico, telefono, tipo_via, num_via, nombre_via, bloque, escalera, planta, puerta, seccion, nombreloc, nombreprov)
VALUES ('102', 'ANDREA', 'GÓMEZ', 'SÁNCHEZ', 'ANDREA@CORREO.COM', 677112233, 'C', 102, 'CALLE SERRANO', 'B', 'B', '2', 'B', 'B', 'BARCELONA', 'BARCELONA');

INSERT INTO participantes (asociado, nombre, ap1, ap2, correo_electronico, telefono, tipo_via, num_via, nombre_via, bloque, escalera, planta, puerta, seccion, nombreloc, nombreprov)
VALUES ('103', 'SERGIO', 'SÁNCHEZ', 'GARCÍA', 'SERGIO@CORREO.COM', 699001122, 'AVD', 103, 'AVENIDA DE LA PAZ', 'C', 'C', '3', 'C', 'C', 'BARCELONA', 'BARCELONA');

INSERT INTO participantes (asociado, nombre, ap1, ap2, correo_electronico, telefono, tipo_via, num_via, nombre_via, bloque, escalera, planta, puerta, seccion, nombreloc, nombreprov)
VALUES ('104', 'SARA', 'GARCÍA', 'RODRÍGUEZ', 'SARA@CORREO.COM', 677334455, 'C', 104, 'CALLE MAYOR', 'D', 'A', '4', 'D', 'D', 'ZARAGOZA', 'ZARAGOZA');

INSERT INTO participantes (asociado, nombre, ap1, ap2, correo_electronico, telefono, tipo_via, num_via, nombre_via, bloque, escalera, planta, puerta, seccion, nombreloc, nombreprov)
VALUES ('105', 'JORGE', 'RODRÍGUEZ', 'GÓMEZ', 'JORGE@CORREO.COM', 688778899, 'AVD', 105, 'PLAZA CONSTI', 'E', 'B', '5', 'A', 'E', 'ALICANTE', 'ALICANTE');

INSERT INTO participantes (asociado, nombre, ap1, ap2, correo_electronico, telefono, tipo_via, num_via, nombre_via, bloque, escalera, planta, puerta, seccion, nombreloc, nombreprov)
VALUES ('106', 'MARTA', 'GÓMEZ', 'MARTÍNEZ', 'MARTA@CORREO.COM', 699556677, 'AVD', 106, 'AVENIDA PALMERAS', 'F', 'A', '6', 'B', 'F', 'MADRID', 'MADRID');

INSERT INTO participantes (asociado, nombre, ap1, ap2, correo_electronico, telefono, tipo_via, num_via, nombre_via, bloque, escalera, planta, puerta, seccion, nombreloc, nombreprov)
VALUES ('107', 'ANA', 'MARTÍNEZ', 'SÁNCHEZ', 'ANA@CORREO.COM', 688445566, 'AVD', 107, 'AVENIDA CONSTI', 'G', 'C', '7', 'C', 'G', 'VALENCIA', 'VALENCIA');

INSERT INTO participantes (asociado, nombre, ap1, ap2, correo_electronico, telefono, tipo_via, num_via, nombre_via, bloque, escalera, planta, puerta, seccion, nombreloc, nombreprov)
VALUES ('108', 'DAVID', 'SÁNCHEZ', 'GÓMEZ', 'DAVID@CORREO.COM', 677667788, 'C', 108, 'CALLE REAL', 'H', 'A', '8', 'D', 'H', 'BARCELONA', 'BARCELONA');

INSERT INTO participantes (asociado, nombre, ap1, ap2, correo_electronico, telefono, tipo_via, num_via, nombre_via, bloque, escalera, planta, puerta, seccion, nombreloc, nombreprov)
VALUES ('109', 'CLAUDIA', 'GÓMEZ', 'RODRÍGUEZ', 'CLAUDIA@CORREO.COM', 677778899, 'C', 109, 'CALLE MAYOR', 'I', 'B', '9', 'A', 'I', 'TOLEDO', 'TOLEDO');

INSERT INTO participantes (asociado, nombre, ap1, ap2, correo_electronico, telefono, tipo_via, num_via, nombre_via, bloque, escalera, planta, puerta, seccion, nombreloc, nombreprov)
VALUES ('110', 'PABLO', 'RODRÍGUEZ', 'GARCÍA', 'PABLO@CORREO.COM', 699889900, 'AVD', 110, 'AVENIDA LIBERTAD', 'J', 'C', '10', 'B', 'J', 'ZARAGOZA', 'ZARAGOZA');

INSERT INTO participantes (asociado, nombre, ap1, ap2, correo_electronico, telefono, tipo_via, num_via, nombre_via, bloque, escalera, planta, puerta, seccion, nombreloc, nombreprov)
VALUES ('111', 'MARÍA', 'GONZÁLEZ', 'LÓPEZ', 'MARIA@EMAIL.COM', 666777888, 'C', 101, 'PASEO MARÍTIMO', 'A', 'B', '3', 'C', 'A', 'PALMA DE MALLORCA', 'PALMA DE MALLORCA');

INSERT INTO participantes (asociado, nombre, ap1, ap2, correo_electronico, telefono, tipo_via, num_via, nombre_via, bloque, escalera, planta, puerta, seccion, nombreloc, nombreprov)
VALUES ('112', 'JAVIER', 'MARTÍNEZ', 'GARCÍA', 'JAVIER@EMAIL.COM', 666777888, 'AVD', 102, 'GRAN VÍA', 'B', 'C', '4', 'D', 'B', 'MADRID', 'MADRID');

INSERT INTO participantes (asociado, nombre, ap1, ap2, correo_electronico, telefono, tipo_via, num_via, nombre_via, bloque, escalera, planta, puerta, seccion, nombreloc, nombreprov)
VALUES ('113', 'LAURA', 'FERNÁNDEZ', 'PÉREZ', 'LAURA@EMAIL.COM', 666777888, 'C', 103, 'PLAZA MAYOR', 'C', 'D', '5', 'E', 'C', 'BARCELONA', 'BARCELONA');

INSERT INTO participantes (asociado, nombre, ap1, ap2, correo_electronico, telefono, tipo_via, num_via, nombre_via, bloque, escalera, planta, puerta, seccion, nombreloc, nombreprov)
VALUES ('114', 'CARLOS', 'SÁNCHEZ', 'RODRÍGUEZ', 'CARLOS@EMAIL.COM', 666777888, 'C', 104, 'CARRETERA NACIONAL', 'D', 'A', '6', 'F', 'D', 'VALENCIA', 'VALENCIA');

INSERT INTO participantes (asociado, nombre, ap1, ap2, correo_electronico, telefono, tipo_via, num_via, nombre_via, bloque, escalera, planta, puerta, seccion, nombreloc, nombreprov)
VALUES ('115', 'SARA', 'LÓPEZ', 'MARTÍNEZ', 'SARA@EMAIL.COM', 666777888, 'AVD', 105, 'PASAJE DEL PRADO', 'E', 'B', '7', 'G', 'E', 'VALENCIA', 'VALENCIA');

INSERT INTO participantes (asociado, nombre, ap1, ap2, correo_electronico, telefono, tipo_via, num_via, nombre_via, bloque, escalera, planta, puerta, seccion, nombreloc, nombreprov)
VALUES ('116', 'PEDRO', 'GARCÍA', 'PÉREZ', 'PEDRO@EMAIL.COM', 666777888, 'AVD', 106, 'AVENIDA CONSTI', 'F', 'C', '8', 'H', 'F', 'MADRID', 'MADRID');

INSERT INTO participantes (asociado, nombre, ap1, ap2, correo_electronico, telefono, tipo_via, num_via, nombre_via, bloque, escalera, planta, puerta, seccion, nombreloc, nombreprov)
VALUES ('117', 'ANA', 'MARTÍNEZ', 'GARCÍA', 'ANA@EMAIL.COM', 666777888, 'C', 107, 'CALLE MAYOR', 'G', 'D', '9', 'I', 'G', 'ZARAGOZA', 'ZARAGOZA');

INSERT INTO participantes (asociado, nombre, ap1, ap2, correo_electronico, telefono, tipo_via, num_via, nombre_via, bloque, escalera, planta, puerta, seccion, nombreloc, nombreprov)
VALUES ('118', 'DIEGO', 'FERNÁNDEZ', 'PÉREZ', 'DIEGO@EMAIL.COM', 666777888, 'C', 108, 'RAMBLA CATALUNYA', 'H', 'A', '10', 'J', 'H', 'BARCELONA', 'BARCELONA');

INSERT INTO participantes (asociado, nombre, ap1, ap2, correo_electronico, telefono, tipo_via, num_via, nombre_via, bloque, escalera, planta, puerta, seccion, nombreloc, nombreprov)
VALUES ('119', 'ELENA', 'SÁNCHEZ', 'GONZÁLEZ', 'ELENA@EMAIL.COM', 666777888, 'AVD', 109, 'CARRERA GRANDE', 'I', 'B', '11', 'K', 'I', 'PALMA DE MALLORCA', 'PALMA DE MALLORCA');

INSERT INTO participantes (asociado, nombre, ap1, ap2, correo_electronico, telefono, tipo_via, num_via, nombre_via, bloque, escalera, planta, puerta, seccion, nombreloc, nombreprov)
VALUES ('120', 'JULIA', 'RODRÍGUEZ', 'LÓPEZ', 'JULIA@EMAIL.COM', 666777888, 'AVD', 110, 'AVENIDA GRAN VÍA', 'J', 'C', '10', 'B', 'J', 'ZARAGOZA', 'ZARAGOZA');

INSERT INTO participantes (asociado, nombre, ap1, ap2, correo_electronico, telefono, tipo_via, num_via, nombre_via, bloque, escalera, planta, puerta, seccion, nombreloc, nombreprov)
VALUES ('121', 'ALBERTO', 'MARTÍNEZ', 'GARCÍA', 'ALBERTO@EMAIL.COM', 666777888, 'C', 111, 'CALLE SANTANDER', 'K', 'D', '11', 'C', 'K', 'PALMA DE MALLORCA', 'PALMA DE MALLORCA');

INSERT INTO participantes (asociado, nombre, ap1, ap2, correo_electronico, telefono, tipo_via, num_via, nombre_via, bloque, escalera, planta, puerta, seccion, nombreloc, nombreprov)
VALUES ('122', 'ROSA', 'FERNÁNDEZ', 'PÉREZ', 'ROSA@EMAIL.COM', 666777888, 'AVD', 112, 'AVENIDA DIAGONAL', 'L', 'A', '12', 'D', 'L', 'BARCELONA', 'BARCELONA');

INSERT INTO participantes (asociado, nombre, ap1, ap2, correo_electronico, telefono, tipo_via, num_via, nombre_via, bloque, escalera, planta, puerta, seccion, nombreloc, nombreprov)
VALUES ('123', 'JUAN', 'SÁNCHEZ', 'RODRÍGUEZ', 'JUAN@EMAIL.COM', 666777888, 'C', 113, 'CALLE GRANADA', 'M', 'B', '13', 'E', 'M', 'VALENCIA', 'VALENCIA');

INSERT INTO participantes (asociado, nombre, ap1, ap2, correo_electronico, telefono, tipo_via, num_via, nombre_via, bloque, escalera, planta, puerta, seccion, nombreloc, nombreprov)
VALUES ('124', 'PATRICIA', 'LÓPEZ', 'MARTÍNEZ', 'PATRICIA@EMAIL.COM', 666777888, 'AVD', 114, 'AVENIDA ANDALUCÍA', 'N', 'C', '14', 'F', 'N', 'PALMA DE MALLORCA', 'PALMA DE MALLORCA');

INSERT INTO participantes (asociado, nombre, ap1, ap2, correo_electronico, telefono, tipo_via, num_via, nombre_via, bloque, escalera, planta, puerta, seccion, nombreloc, nombreprov)
VALUES ('125', 'ANDRÉS', 'GARCÍA', 'PÉREZ', 'ANDRES@EMAIL.COM', 666777888, 'C', 115, 'CALLE CERVANTES', 'O', 'D', '15', 'G', 'O', 'VALENCIA', 'VALENCIA');

INSERT INTO participantes (asociado, nombre, ap1, ap2, correo_electronico, telefono, tipo_via, num_via, nombre_via, bloque, escalera, planta, puerta, seccion, nombreloc, nombreprov)
VALUES ('126', 'MARINA', 'MARTÍNEZ', 'GARCÍA', 'MARINA@EMAIL.COM', 666777888, 'AVD', 116, 'AVENIDA JUAN ', 'P', 'A', '16', 'H', 'P', 'TOLEDO', 'TOLEDO');

INSERT INTO participantes (asociado, nombre, ap1, ap2, correo_electronico, telefono, tipo_via, num_via, nombre_via, bloque, escalera, planta, puerta, seccion, nombreloc, nombreprov)
VALUES ('127', 'JORGE', 'FERNÁNDEZ', 'PÉREZ', 'JORGE@EMAIL.COM', 666777888, 'C', 117, 'CALLE SAN MIGUEL', 'Q', 'B', '17', 'I', 'Q', 'PALMA DE MALLORCA', 'PALMA DE MALLORCA');

INSERT INTO participantes (asociado, nombre, ap1, ap2, correo_electronico, telefono, tipo_via, num_via, nombre_via, bloque, escalera, planta, puerta, seccion, nombreloc, nombreprov)
VALUES ('128', 'MARTA', 'SÁNCHEZ', 'GONZÁLEZ', 'MARTA@EMAIL.COM', 666777888, 'AVD', 118, 'AVENIDA LIBERTAD', 'R', 'C', '18', 'J', 'R', 'BARCELONA', 'BARCELONA');

INSERT INTO participantes (asociado, nombre, ap1, ap2, correo_electronico, telefono, tipo_via, num_via, nombre_via, bloque, escalera, planta, puerta, seccion, nombreloc, nombreprov)
VALUES ('129', 'SARA', 'RODRÍGUEZ', 'LÓPEZ', 'SARA@EMAIL.COM', 666777888, 'C', 119, 'CALLE RAMÓN Y CAJAL', 'S', 'D', '19', 'K', 'S', 'VALENCIA', 'VALENCIA');

INSERT INTO participantes (asociado, nombre, ap1, ap2, correo_electronico, telefono, tipo_via, num_via, nombre_via, bloque, escalera, planta, puerta, seccion, nombreloc, nombreprov)
VALUES ('130', 'CARLOS', 'MARTÍNEZ', 'GARCÍA', 'CARLOS@EMAIL.COM', 666777888, 'AVD', 120, 'AVENIDA PRINCIPAL', 'T', 'A', '20', 'A', 'T', 'VALENCIA', 'VALENCIA');

INSERT INTO participantes (asociado, nombre, ap1, ap2, correo_electronico, telefono, tipo_via, num_via, nombre_via, bloque, escalera, planta, puerta, seccion, nombreloc, nombreprov)
VALUES ('131', 'ELENA', 'GÓMEZ', 'MARTÍNEZ', 'ELENA@EMAIL.COM', 666777888, 'C', 121, 'CALLE PABLO IGLESIAS', 'U', 'B', '21', 'B', 'U', 'TOLEDO', 'TOLEDO');

INSERT INTO participantes (asociado, nombre, ap1, ap2, correo_electronico, telefono, tipo_via, num_via, nombre_via, bloque, escalera, planta, puerta, seccion, nombreloc, nombreprov)
VALUES ('132', 'DIEGO', 'FERNÁNDEZ', 'PÉREZ', 'DIEGO@EMAIL.COM', 666777888, 'AVD', 122, 'AVENIDA CONSTI', 'V', 'C', '22', 'C', 'V', 'ZARAGOZA', 'ZARAGOZA');

INSERT INTO participantes (asociado, nombre, ap1, ap2, correo_electronico, telefono, tipo_via, num_via, nombre_via, bloque, escalera, planta, puerta, seccion, nombreloc, nombreprov)
VALUES ('133', 'ANA', 'PÉREZ', 'RODRÍGUEZ', 'ANA@EMAIL.COM', 666777888, 'C', 123, 'CALLE RAMÓN GALLUD', 'W', 'D', '23', 'D', 'W', 'BARCELONA', 'BARCELONA');

INSERT INTO participantes (asociado, nombre, ap1, ap2, correo_electronico, telefono, tipo_via, num_via, nombre_via, bloque, escalera, planta, puerta, seccion, nombreloc, nombreprov)
VALUES ('134', 'PACO', 'RODRÍGUEZ', 'GARCÍA', 'PACO@EMAIL.COM', 666777888, 'AVD', 124, 'AVENIDA CATÓLICOS', 'X', 'A', '24', 'E', 'X', 'VALENCIA', 'VALENCIA');

INSERT INTO participantes (asociado, nombre, ap1, ap2, correo_electronico, telefono, tipo_via, num_via, nombre_via, bloque, escalera, planta, puerta, seccion, nombreloc, nombreprov)
VALUES ('135', 'ROBERTO', 'GÓMEZ', 'PÉREZ', 'ROBERTO@EMAIL.COM', 666777888, 'C', 125, 'CALLE FELIPE II', 'Y', 'B', '25', 'F', 'Y', 'TOLEDO', 'TOLEDO');

INSERT INTO participantes (asociado, nombre, ap1, ap2, correo_electronico, telefono, tipo_via, num_via, nombre_via, bloque, escalera, planta, puerta, seccion, nombreloc, nombreprov)
VALUES ('136', 'MARÍA', 'MARTÍNEZ', 'GARCÍA', 'MARIA@EMAIL.COM', 666777888, 'AVD', 126, 'AVENIDA DE LA PAZ', 'Z', 'C', '26', 'G', 'Z', 'BURGOS', 'BURGOS');

INSERT INTO participantes (asociado, nombre, ap1, ap2, correo_electronico, telefono, tipo_via, num_via, nombre_via, bloque, escalera, planta, puerta, seccion, nombreloc, nombreprov)
VALUES ('137', 'ALEJANDRO', 'RODRÍGUEZ', 'LÓPEZ', 'ALEJANDRO@EMAIL.COM', 666777888, 'C', 127, 'CALLE EULALIA', 'A', 'D', '27', 'H', 'AA', 'BURGOS', 'BURGOS');

INSERT INTO participantes (asociado, nombre, ap1, ap2, correo_electronico, telefono, tipo_via, num_via, nombre_via, bloque, escalera, planta, puerta, seccion, nombreloc, nombreprov)
VALUES ('138', 'SOFÍA', 'GÓMEZ', 'MARTÍNEZ', 'SOFIA@EMAIL.COM', 666777888, 'AVD', 128, 'AVENIDA LIBERTAD', 'B', 'A', '28', 'I', 'AB', 'BARCELONA', 'BARCELONA');

INSERT INTO participantes (asociado, nombre, ap1, ap2, correo_electronico, telefono, tipo_via, num_via, nombre_via, bloque, escalera, planta, puerta, seccion, nombreloc, nombreprov)
VALUES ('139', 'JUAN', 'RODRÍGUEZ', 'GARCÍA', 'JUAN@EMAIL.COM', 666777888, 'C', 129, 'CALLE PRINCIPAL', 'C', 'B', '29', 'J', 'AC', 'VALENCIA', 'VALENCIA');

INSERT INTO participantes (asociado, nombre, ap1, ap2, correo_electronico, telefono, tipo_via, num_via, nombre_via, bloque, escalera, planta, puerta, seccion, nombreloc, nombreprov)
VALUES ('140', 'ANDREA', 'MARTÍNEZ', 'PÉREZ', 'ANDREA@EMAIL.COM', 666777888, 'AVD', 130, 'AVENIDA CONSTI', 'D', 'C', '30', 'K', 'AD', 'BURGOS', 'BURGOS');

INSERT INTO participantes (asociado, nombre, ap1, ap2, correo_electronico, telefono, tipo_via, num_via, nombre_via, bloque, escalera, planta, puerta, seccion, nombreloc, nombreprov)
VALUES ('141', 'DAVID', 'GARCÍA', 'RODRÍGUEZ', 'DAVID@EMAIL.COM', 666777888, 'C', 131, 'CALLE SANTA ANA', 'E', 'D', '31', 'L', 'AE', 'BURGOS', 'BURGOS');

INSERT INTO participantes (asociado, nombre, ap1, ap2, correo_electronico, telefono, tipo_via, num_via, nombre_via, bloque, escalera, planta, puerta, seccion, nombreloc, nombreprov)
VALUES ('142', 'MARINA', 'GÓMEZ', 'GARCÍA', 'MARINA@EMAIL.COM', 666777888, 'AVD', 132, 'AVENIDA PRINCIPAL', 'F', 'A', '32', 'M', 'AF', 'ZARAGOZA', 'ZARAGOZA');

INSERT INTO participantes (asociado, nombre, ap1, ap2, correo_electronico, telefono, tipo_via, num_via, nombre_via, bloque, escalera, planta, puerta, seccion, nombreloc, nombreprov)
VALUES ('143', 'JORGE', 'PÉREZ', 'MARTÍNEZ', 'JORGE@EMAIL.COM', 666777888, 'C', 133, 'CALLE MAYOR', 'G', 'B', '33', 'N', 'AG', 'BARCELONA', 'BARCELONA');

INSERT INTO participantes (asociado, nombre, ap1, ap2, correo_electronico, telefono, tipo_via, num_via, nombre_via, bloque, escalera, planta, puerta, seccion, nombreloc, nombreprov)
VALUES ('144', 'EVA', 'RODRÍGUEZ', 'GARCÍA', 'EVA@EMAIL.COM', 666777888, 'AVD', 134, 'AVENIDA DE LA PAZ', 'H', 'C', '34', 'O', 'AH', 'VALENCIA', 'VALENCIA');

INSERT INTO participantes (asociado, nombre, ap1, ap2, correo_electronico, telefono, tipo_via, num_via, nombre_via, bloque, escalera, planta, puerta, seccion, nombreloc, nombreprov)
VALUES ('145', 'MIGUEL', 'MARTÍNEZ', 'RODRÍGUEZ', 'MIGUEL@EMAIL.COM', 666777888, 'C', 135, 'CALLE SANTA LUCÍA', 'I', 'D', '35', 'P', 'AI', 'ALGECIRAS', 'CÁDIZ');

INSERT INTO participantes (asociado, nombre, ap1, ap2, correo_electronico, telefono, tipo_via, num_via, nombre_via, bloque, escalera, planta, puerta, seccion, nombreloc, nombreprov)
VALUES ('146', 'LUCÍA', 'GARCÍA', 'MARTÍNEZ', 'LUCIA@EMAIL.COM', 666777888, 'AVD', 136, 'AVENIDA CONSTI', 'J', 'A', '36', 'Q', 'AJ', 'ALGECIRAS', 'CÁDIZ');

INSERT INTO participantes (asociado, nombre, ap1, ap2, correo_electronico, telefono, tipo_via, num_via, nombre_via, bloque, escalera, planta, puerta, seccion, nombreloc, nombreprov)
VALUES ('147', 'CARLA', 'RODRÍGUEZ', 'GÓMEZ', 'CARLA@EMAIL.COM', 666777888, 'C', 137, 'CALLE DEL ROSAL', 'A', 'A', '37', 'R', 'A', 'BARCELONA', 'BARCELONA');

INSERT INTO participantes (asociado, nombre, ap1, ap2, correo_electronico, telefono, tipo_via, num_via, nombre_via, bloque, escalera, planta, puerta, seccion, nombreloc, nombreprov)
VALUES ('148', 'JULIO', 'MARTÍNEZ', 'PÉREZ', 'JULIO@EMAIL.COM', 666777888, 'AVD', 138, 'AVENIDA PRINCIPAL', 'B', 'B', '38', 'S', 'B', 'VALENCIA', 'VALENCIA');

INSERT INTO participantes (asociado, nombre, ap1, ap2, correo_electronico, telefono, tipo_via, num_via, nombre_via, bloque, escalera, planta, puerta, seccion, nombreloc, nombreprov)
VALUES ('149', 'ANA', 'GÓMEZ', 'RODRÍGUEZ', 'ANA@EMAIL.COM', 666777888, 'C', 139, 'CALLE DEL SOL', 'C', 'A', '39', 'T', 'C', 'ALGECIRAS', 'CÁDIZ');

INSERT INTO participantes (asociado, nombre, ap1, ap2, correo_electronico, telefono, tipo_via, num_via, nombre_via, bloque, escalera, planta, puerta, seccion, nombreloc, nombreprov)
VALUES ('150', 'RAÚL', 'RODRÍGUEZ', 'MARTÍNEZ', 'RAUL@EMAIL.COM', 666777888, 'AVD', 140, 'AVENIDA LIBERTAD', 'D', 'B', '40', 'U', 'D', 'ALGECIRAS', 'CÁDIZ');

INSERT INTO participantes (asociado, nombre, ap1, ap2, correo_electronico, telefono, tipo_via, num_via, nombre_via, bloque, escalera, planta, puerta, seccion, nombreloc, nombreprov)
VALUES ('151', 'SARA', 'MARTÍNEZ', 'GARCÍA', 'SARA@EMAIL.COM', 666777888, 'C', 141, 'CALLE PRINCIPAL', 'E', 'A', '41', 'V', 'E', 'ZARAGOZA', 'ZARAGOZA');

INSERT INTO participantes (asociado, nombre, ap1, ap2, correo_electronico, telefono, tipo_via, num_via, nombre_via, bloque, escalera, planta, puerta, seccion, nombreloc, nombreprov)
VALUES ('152', 'PACO', 'PÉREZ', 'GÓMEZ', 'PACO@EMAIL.COM', 666777888, 'AVD', 142, 'AVENIDA DEL PARQUE', 'F', 'B', '42', 'W', 'F', 'BARCELONA', 'BARCELONA');

INSERT INTO participantes (asociado, nombre, ap1, ap2, correo_electronico, telefono, tipo_via, num_via, nombre_via, bloque, escalera, planta, puerta, seccion, nombreloc, nombreprov)
VALUES ('153', 'ELENA', 'GARCÍA', 'MARTÍNEZ', 'ELENA@EMAIL.COM', 666777888, 'C', 143, 'CALLE MAYOR', 'G', 'A', '43', 'X', 'G', 'VALENCIA', 'VALENCIA');

INSERT INTO participantes (asociado, nombre, ap1, ap2, correo_electronico, telefono, tipo_via, num_via, nombre_via, bloque, escalera, planta, puerta, seccion, nombreloc, nombreprov)
VALUES ('154', 'LUIS', 'MARTÍNEZ', 'RODRÍGUEZ', 'LUIS@EMAIL.COM', 666777888, 'AVD', 144, 'AVENIDA CONSTI', 'H', 'B', '44', 'Y', 'H', 'ALGECIRAS', 'CÁDIZ');

INSERT INTO participantes (asociado, nombre, ap1, ap2, correo_electronico, telefono, tipo_via, num_via, nombre_via, bloque, escalera, planta, puerta, seccion, nombreloc, nombreprov)
VALUES ('155', 'BEATRIZ', 'GÓMEZ', 'GARCÍA', 'BEATRIZ@EMAIL.COM', 666777888, 'C', 145, 'CALLE SANTA ANA', 'I', 'A', '45', 'Z', 'I', 'ALGECIRAS', 'CÁDIZ');

INSERT INTO participantes (asociado, nombre, ap1, ap2, correo_electronico, telefono, tipo_via, num_via, nombre_via, bloque, escalera, planta, puerta, seccion, nombreloc, nombreprov)
VALUES ('156', 'MIGUEL', 'GONZÁLEZ', 'FERNÁNDEZ', 'MIGUEL@CORREO.COM', 666777888, 'C', 156, 'CALLE MAYOR', 'A', 'A', '1', 'A', 'A', 'MADRID', 'MADRID');

INSERT INTO participantes (asociado, nombre, ap1, ap2, correo_electronico, telefono, tipo_via, num_via, nombre_via, bloque, escalera, planta, puerta, seccion, nombreloc, nombreprov)
VALUES ('157', 'SARA', 'SÁNCHEZ', 'GARCÍA', 'SARA@CORREO.COM', 666777888, 'AVD', 157, 'AVENIDA CENTRAL', 'B', 'B', '2', 'B', 'B', 'BARCELONA', 'BARCELONA');

INSERT INTO participantes (asociado, nombre, ap1, ap2, correo_electronico, telefono, tipo_via, num_via, nombre_via, bloque, escalera, planta, puerta, seccion, nombreloc, nombreprov)
VALUES ('158', 'CARLOS', 'LÓPEZ', 'RODRÍGUEZ', 'CARLOS@CORREO.COM', 666777888, 'C', 158, 'CALLE REAL', 'C', 'C', '3', 'C', 'C', 'VALENCIA', 'VALENCIA');

INSERT INTO participantes (asociado, nombre, ap1, ap2, correo_electronico, telefono, tipo_via, num_via, nombre_via, bloque, escalera, planta, puerta, seccion, nombreloc, nombreprov)
VALUES ('159', 'MARTA', 'RODRÍGUEZ', 'SÁNCHEZ', 'MARTA@CORREO.COM', 666777888, 'AVD', 159, 'AVENIDA DE LA PAZ', 'D', 'D', '4', 'D', 'D', 'TORREVIEJA', 'ALICANTE');

INSERT INTO participantes (asociado, nombre, ap1, ap2, correo_electronico, telefono, tipo_via, num_via, nombre_via, bloque, escalera, planta, puerta, seccion, nombreloc, nombreprov)
VALUES ('160', 'ANA', 'GÓMEZ', 'LÓPEZ', 'ANA@CORREO.COM', 666777888, 'C', 160, 'CALLE DE LA FUENTE', 'E', 'E', '5', 'E', 'E', 'ZARAGOZA', 'ZARAGOZA');

INSERT INTO participantes (asociado, nombre, ap1, ap2, correo_electronico, telefono, tipo_via, num_via, nombre_via, bloque, escalera, planta, puerta, seccion, nombreloc, nombreprov)
VALUES ('161', 'MARÍA', 'GARCÍA', 'FERNÁNDEZ', 'MARIA@CORREO.COM', 666777888, 'C', 161, 'CALLE DEL RÍO', 'F', 'F', '6', 'F', 'F', 'BARCELONA', 'BARCELONA');

INSERT INTO participantes (asociado, nombre, ap1, ap2, correo_electronico, telefono, tipo_via, num_via, nombre_via, bloque, escalera, planta, puerta, seccion, nombreloc, nombreprov)
VALUES ('162', 'JOSÉ', 'MARTÍNEZ', 'RODRÍGUEZ', 'JOSE@CORREO.COM', 666777888, 'AVD', 162, 'AVENIDA PRINCIPAL', 'G', 'G', '7', 'G', 'G', 'VALENCIA', 'VALENCIA');

INSERT INTO participantes (asociado, nombre, ap1, ap2, correo_electronico, telefono, tipo_via, num_via, nombre_via, bloque, escalera, planta, puerta, seccion, nombreloc, nombreprov)
VALUES ('163', 'LAURA', 'GÓMEZ', 'GARCÍA', 'LAURA@CORREO.COM', 666777888, 'C', 163, 'CALLE DEL SOL', 'H', 'H', '8', 'H', 'H', 'MADRID', 'MADRID');

INSERT INTO participantes (asociado, nombre, ap1, ap2, correo_electronico, telefono, tipo_via, num_via, nombre_via, bloque, escalera, planta, puerta, seccion, nombreloc, nombreprov)
VALUES ('164', 'JAVIER', 'RODRÍGUEZ', 'MARTÍNEZ', 'JAVIER@CORREO.COM', 666777888, 'AVD', 164, 'AVENIDA LIBERTAD', 'I', 'I', '9', 'I', 'I', 'TORREVIEJA', 'ALICANTE');

INSERT INTO participantes (asociado, nombre, ap1, ap2, correo_electronico, telefono, tipo_via, num_via, nombre_via, bloque, escalera, planta, puerta, seccion, nombreloc, nombreprov)
VALUES ('165', 'ROBERTO', 'FERNÁNDEZ', 'GÓMEZ', 'ROBERTO@CORREO.COM', 666777888, 'C', 165, 'CALLE DE LA CRUZ', 'J', 'J', '10', 'J', 'J', 'VALENCIA', 'VALENCIA');

INSERT INTO participantes (asociado, nombre, ap1, ap2, correo_electronico, telefono, tipo_via, num_via, nombre_via, bloque, escalera, planta, puerta, seccion, nombreloc, nombreprov)
VALUES ('166', 'ANDREA', 'SÁNCHEZ', 'GÓMEZ', 'ANDREA@CORREO.COM', 666777888, 'AVD', 166, 'AVENIDA CONSTI', 'K', 'K', '11', 'K', 'K', 'TORREVIEJA', 'ALICANTE');

INSERT INTO participantes (asociado, nombre, ap1, ap2, correo_electronico, telefono, tipo_via, num_via, nombre_via, bloque, escalera, planta, puerta, seccion, nombreloc, nombreprov)
VALUES ('167', 'DAVID', 'GARCÍA', 'MARTÍNEZ', 'DAVID@CORREO.COM', 666777888, 'C', 167, 'CALLE DEL OLIVO', 'L', 'L', '12', 'L', 'L', 'ZARAGOZA', 'ZARAGOZA');

INSERT INTO participantes (asociado, nombre, ap1, ap2, correo_electronico, telefono, tipo_via, num_via, nombre_via, bloque, escalera, planta, puerta, seccion, nombreloc, nombreprov)
VALUES ('168', 'MÓNICA', 'MARTÍNEZ', 'RODRÍGUEZ', 'MONICA@CORREO.COM', 666777888, 'AVD', 168, 'AVENIDA VICTORIA', 'M', 'M', '13', 'M', 'M', 'BARCELONA', 'BARCELONA');

INSERT INTO participantes (asociado, nombre, ap1, ap2, correo_electronico, telefono, tipo_via, num_via, nombre_via, bloque, escalera, planta, puerta, seccion, nombreloc, nombreprov)
VALUES ('169', 'JULIA', 'FERNÁNDEZ', 'LÓPEZ', 'JULIA@CORREO.COM', 666777888, 'C', 169, 'CALLE DEL RÍO', 'N', 'N', '14', 'N', 'N', 'VALENCIA', 'VALENCIA');

INSERT INTO participantes (asociado, nombre, ap1, ap2, correo_electronico, telefono, tipo_via, num_via, nombre_via, bloque, escalera, planta, puerta, seccion, nombreloc, nombreprov)
VALUES ('170', 'SERGIO', 'GÓMEZ', 'SÁNCHEZ', 'SERGIO@CORREO.COM', 666777888, 'AVD', 170, 'AVENIDA PRINCIPAL', 'O', 'O', '15', 'O', 'O', 'TORREVIEJA', 'ALICANTE');

INSERT INTO participantes (asociado, nombre, ap1, ap2, correo_electronico, telefono, tipo_via, num_via, nombre_via, bloque, escalera, planta, puerta, seccion, nombreloc, nombreprov)
VALUES ('171', 'BEATRIZ', 'RODRÍGUEZ', 'FERNÁNDEZ', 'BEATRIZ@CORREO.COM', 666777888, 'C', 171, 'CALLE DE LA PAZ', 'P', 'P', '16', 'P', 'P', 'ZARAGOZA', 'ZARAGOZA');

INSERT INTO participantes (asociado, nombre, ap1, ap2, correo_electronico, telefono, tipo_via, num_via, nombre_via, bloque, escalera, planta, puerta, seccion, nombreloc, nombreprov)
VALUES ('172', 'CRISTINA', 'SÁNCHEZ', 'MARTÍNEZ', 'CRISTINA@CORREO.COM', 666777888, 'AVD', 172, 'AVENIDA CONSTI', 'Q', 'Q', '17', 'Q', 'Q', 'BARCELONA', 'BARCELONA');

INSERT INTO participantes (asociado, nombre, ap1, ap2, correo_electronico, telefono, tipo_via, num_via, nombre_via, bloque, escalera, planta, puerta, seccion, nombreloc, nombreprov)
VALUES ('173', 'ALBERTO', 'LÓPEZ', 'GARCÍA', 'ALBERTO@CORREO.COM', 666777888, 'C', 173, 'CALLE DEL SOL', 'R', 'R', '18', 'R', 'R', 'VALENCIA', 'VALENCIA');

INSERT INTO participantes (asociado, nombre, ap1, ap2, correo_electronico, telefono, tipo_via, num_via, nombre_via, bloque, escalera, planta, puerta, seccion, nombreloc, nombreprov)
VALUES ('174', 'ELENA', 'GARCÍA', 'GÓMEZ', 'ELENA@CORREO.COM', 666777888, 'AVD', 174, 'AVENIDA LIBERTAD', 'S', 'S', '19', 'S', 'S', 'TORREVIEJA', 'ALICANTE');

INSERT INTO participantes (asociado, nombre, ap1, ap2, correo_electronico, telefono, tipo_via, num_via, nombre_via, bloque, escalera, planta, puerta, seccion, nombreloc, nombreprov)
VALUES ('175', 'MARINA', 'MARTÍNEZ', 'RODRÍGUEZ', 'MARINA@CORREO.COM', 666777888, 'C', 175, 'CALLE DEL MAR', 'T', 'T', '20', 'T', 'T', 'BARCELONA', 'BARCELONA');

INSERT INTO participantes (asociado, nombre, ap1, ap2, correo_electronico, telefono, tipo_via, num_via, nombre_via, bloque, escalera, planta, puerta, seccion, nombreloc, nombreprov)
VALUES ('176', 'JAVIER', 'SÁNCHEZ', 'LÓPEZ', 'JAVIER@CORREO.COM', 666777888, 'AVD', 176, 'AVENIDA CONST', 'U', 'U', '21', 'U', 'U', 'VALENCIA', 'VALENCIA');

INSERT INTO participantes (asociado, nombre, ap1, ap2, correo_electronico, telefono, tipo_via, num_via, nombre_via, bloque, escalera, planta, puerta, seccion, nombreloc, nombreprov)
VALUES ('177', 'SILVIA', 'GÓMEZ', 'FERNÁNDEZ', 'SILVIA@CORREO.COM', 666777888, 'C', 177, 'CALLE DE LA ROSA', 'V', 'V', '22', 'V', 'V', 'ZARAGOZA', 'ZARAGOZA');

INSERT INTO participantes (asociado, nombre, ap1, ap2, correo_electronico, telefono, tipo_via, num_via, nombre_via, bloque, escalera, planta, puerta, seccion, nombreloc, nombreprov)
VALUES ('178', 'MANUEL', 'FERNÁNDEZ', 'SÁNCHEZ', 'MANUEL@CORREO.COM', 666777888, 'AVD', 178, 'AVENIDA LIBERTAD', 'W', 'W', '23', 'W', 'W', 'BARCELONA', 'BARCELONA');

INSERT INTO participantes (asociado, nombre, ap1, ap2, correo_electronico, telefono, tipo_via, num_via, nombre_via, bloque, escalera, planta, puerta, seccion, nombreloc, nombreprov)
VALUES ('179', 'ANA', 'LÓPEZ', 'GARCÍA', 'ANA@CORREO.COM', 666777888, 'C', 179, 'CALLE DE LA CRUZ', 'X', 'X', '24', 'X', 'X', 'VALENCIA', 'VALENCIA');

INSERT INTO participantes (asociado, nombre, ap1, ap2, correo_electronico, telefono, tipo_via, num_via, nombre_via, bloque, escalera, planta, puerta, seccion, nombreloc, nombreprov)
VALUES ('180', 'RAFAEL', 'RODRÍGUEZ', 'MARTÍNEZ', 'RAFAEL@CORREO.COM', 666777888, 'AVD', 180, 'AVENIDA PRINCIPAL', 'Y', 'Y', '25', 'Y', 'Y', 'TORREVIEJA', 'ALICANTE');

INSERT INTO participantes (asociado, nombre, ap1, ap2, correo_electronico, telefono, tipo_via, num_via, nombre_via, bloque, escalera, planta, puerta, seccion, nombreloc, nombreprov)
VALUES ('181', 'MARÍA', 'GARCÍA', 'SÁNCHEZ', 'MARIA@CORREO.COM', 666777888, 'C', 181, 'CALLE DEL SOL', 'Z', 'Z', '26', 'Z', 'Z', 'ZARAGOZA', 'ZARAGOZA');

INSERT INTO participantes (asociado, nombre, ap1, ap2, correo_electronico, telefono, tipo_via, num_via, nombre_via, bloque, escalera, planta, puerta, seccion, nombreloc, nombreprov)
VALUES ('182', 'CARLA', 'MARTÍNEZ', 'FERNÁNDEZ', 'CARLA@CORREO.COM', 666777888, 'AVD', 182, 'AVENIDA LIBERTAD', 'A', 'A', '27', 'A', 'A', 'BARCELONA', 'BARCELONA');

INSERT INTO participantes (asociado, nombre, ap1, ap2, correo_electronico, telefono, tipo_via, num_via, nombre_via, bloque, escalera, planta, puerta, seccion, nombreloc, nombreprov)
VALUES ('183', 'LUIS', 'SÁNCHEZ', 'GÓMEZ', 'LUIS@CORREO.COM', 666777888, 'C', 183, 'CALLE DE LA ROSA', 'B', 'B', '28', 'B', 'B', 'VALENCIA', 'VALENCIA');

INSERT INTO participantes (asociado, nombre, ap1, ap2, correo_electronico, telefono, tipo_via, num_via, nombre_via, bloque, escalera, planta, puerta, seccion, nombreloc, nombreprov)
VALUES ('184', 'ELENA', 'FERNÁNDEZ', 'LÓPEZ', 'ELENA@CORREO.COM', 666777888, 'AVD', 184, 'AVENIDA PRINCIPAL', 'C', 'C', '29', 'C', 'C', 'TORREVIEJA', 'ALICANTE');

INSERT INTO participantes (asociado, nombre, ap1, ap2, correo_electronico, telefono, tipo_via, num_via, nombre_via, bloque, escalera, planta, puerta, seccion, nombreloc, nombreprov)
VALUES ('185', 'MARIO', 'GÓMEZ', 'MARTÍNEZ', 'MARIO@CORREO.COM', 666777888, 'C', 185, 'CALLE DEL SOL', 'D', 'D', '30', 'D', 'D', 'ZARAGOZA', 'ZARAGOZA');

INSERT INTO participantes (asociado, nombre, ap1, ap2, correo_electronico, telefono, tipo_via, num_via, nombre_via, bloque, escalera, planta, puerta, seccion, nombreloc, nombreprov)
VALUES ('186', 'PAULA', 'SÁNCHEZ', 'RODRÍGUEZ', 'PAULA@CORREO.COM', 666777888, 'AVD', 186, 'AVENIDA LIBERTAD', 'E', 'E', '31', 'E', 'E', 'BARCELONA', 'BARCELONA');

INSERT INTO participantes (asociado, nombre, ap1, ap2, correo_electronico, telefono, tipo_via, num_via, nombre_via, bloque, escalera, planta, puerta, seccion, nombreloc, nombreprov)
VALUES ('187', 'ALBERTO', 'MARTÍNEZ', 'GARCÍA', 'ALBERTO@CORREO.COM', 666777888, 'C', 187, 'CALLE DE LA ROSA', 'F', 'F', '32', 'F', 'F', 'VALENCIA', 'VALENCIA');

INSERT INTO participantes (asociado, nombre, ap1, ap2, correo_electronico, telefono, tipo_via, num_via, nombre_via, bloque, escalera, planta, puerta, seccion, nombreloc, nombreprov)
VALUES ('188', 'IRENE', 'GÓMEZ', 'LÓPEZ', 'IRENE@CORREO.COM', 666777888, 'AVD', 188, 'AVENIDA  CONSTI', 'G', 'G', '33', 'G', 'G', 'JEREZ DE LA FRONTERA', 'CÁDIZ');

INSERT INTO participantes (asociado, nombre, ap1, ap2, correo_electronico, telefono, tipo_via, num_via, nombre_via, bloque, escalera, planta, puerta, seccion, nombreloc, nombreprov)
VALUES ('189', 'SERGIO', 'RODRÍGUEZ', 'FERNÁNDEZ', 'SERGIO@CORREO.COM', 666777888, 'C', 189, 'CALLE DEL MAR', 'H', 'H', '34', 'H', 'H', 'ZARAGOZA', 'ZARAGOZA');

INSERT INTO participantes (asociado, nombre, ap1, ap2, correo_electronico, telefono, tipo_via, num_via, nombre_via, bloque, escalera, planta, puerta, seccion, nombreloc, nombreprov)
VALUES ('190', 'ALBA', 'SÁNCHEZ', 'MARTÍNEZ', 'ALBA@CORREO.COM', 666777888, 'AVD', 190, 'AVENIDA PRINCIPAL', 'I', 'I', '35', 'I', 'I', 'BARCELONA', 'BARCELONA');

INSERT INTO participantes (asociado, nombre, ap1, ap2, correo_electronico, telefono, tipo_via, num_via, nombre_via, bloque, escalera, planta, puerta, seccion, nombreloc, nombreprov)
VALUES ('191', 'DAVID', 'MARTÍNEZ', 'GÓMEZ', 'DAVID@CORREO.COM', 666777888, 'C', 191, 'CALLE DEL SOL', 'J', 'J', '36', 'J', 'J', 'VALENCIA', 'VALENCIA');

INSERT INTO participantes (asociado, nombre, ap1, ap2, correo_electronico, telefono, tipo_via, num_via, nombre_via, bloque, escalera, planta, puerta, seccion, nombreloc, nombreprov)
VALUES ('192', 'ANDREA', 'GARCÍA', 'SÁNCHEZ', 'ANDREA@CORREO.COM', 666777888, 'AVD', 192, 'AVENIDA LIBERTAD', 'K', 'K', '37', 'K', 'K', 'JEREZ DE LA FRONTERA', 'CÁDIZ');

INSERT INTO participantes (asociado, nombre, ap1, ap2, correo_electronico, telefono, tipo_via, num_via, nombre_via, bloque, escalera, planta, puerta, seccion, nombreloc, nombreprov)
VALUES ('193', 'MARINA', 'RODRÍGUEZ', 'GÓMEZ', 'MARINA@CORREO.COM', 666777888, 'C', 193, 'CALLE DE LA ROSA', 'L', 'L', '38', 'L', 'L', 'ZARAGOZA', 'ZARAGOZA');

INSERT INTO participantes (asociado, nombre, ap1, ap2, correo_electronico, telefono, tipo_via, num_via, nombre_via, bloque, escalera, planta, puerta, seccion, nombreloc, nombreprov)
VALUES ('194', 'ALEJANDRO', 'FERNÁNDEZ', 'MARTÍNEZ', 'ALEJANDRO@CORREO.COM', 666777888, 'AVD', 194, 'AVENIDA CONSTI', 'M', 'M', '39', 'M', 'M', 'BARCELONA', 'BARCELONA');

INSERT INTO participantes (asociado, nombre, ap1, ap2, correo_electronico, telefono, tipo_via, num_via, nombre_via, bloque, escalera, planta, puerta, seccion, nombreloc, nombreprov)
VALUES ('195', 'IRENE', 'LÓPEZ', 'RODRÍGUEZ', 'IRENE@CORREO.COM', 666777888, 'C', 195, 'CALLE DEL MAR', 'N', 'N', '40', 'N', 'N', 'VALENCIA', 'VALENCIA');

INSERT INTO participantes (asociado, nombre, ap1, ap2, correo_electronico, telefono, tipo_via, num_via, nombre_via, bloque, escalera, planta, puerta, seccion, nombreloc, nombreprov)
VALUES ('196', 'MARIO', 'MARTÍNEZ', 'SÁNCHEZ', 'MARIO@CORREO.COM', 666777888, 'AVD', 196, 'AVENIDA PRINCIPAL', 'O', 'O', '41', 'O', 'O', 'JEREZ DE LA FRONTERA', 'CÁDIZ');

INSERT INTO participantes (asociado, nombre, ap1, ap2, correo_electronico, telefono, tipo_via, num_via, nombre_via, bloque, escalera, planta, puerta, seccion, nombreloc, nombreprov)
VALUES ('197', 'CARLA', 'GÓMEZ', 'GARCÍA', 'CARLA@CORREO.COM', 666777888, 'C', 197, 'CALLE DEL SOL', 'P', 'P', '42', 'P', 'P', 'ZARAGOZA', 'ZARAGOZA');

INSERT INTO participantes (asociado, nombre, ap1, ap2, correo_electronico, telefono, tipo_via, num_via, nombre_via, bloque, escalera, planta, puerta, seccion, nombreloc, nombreprov)
VALUES ('198', 'DIEGO', 'SÁNCHEZ', 'FERNÁNDEZ', 'DIEGO@CORREO.COM', 666777888, 'AVD', 198, 'AVENIDA LIBERTAD', 'Q', 'Q', '43', 'Q', 'Q', 'BARCELONA', 'BARCELONA');

INSERT INTO participantes (asociado, nombre, ap1, ap2, correo_electronico, telefono, tipo_via, num_via, nombre_via, bloque, escalera, planta, puerta, seccion, nombreloc, nombreprov)
VALUES ('199', 'ALBA', 'RODRÍGUEZ', 'MARTÍNEZ', 'ALBA@CORREO.COM', 666777888, 'C', 199, 'CALLE DE LA ROSA', 'R', 'R', '44', 'R', 'R', 'VALENCIA', 'VALENCIA');

INSERT INTO participantes (asociado, nombre, ap1, ap2, correo_electronico, telefono, tipo_via, num_via, nombre_via, bloque, escalera, planta, puerta, seccion, nombreloc, nombreprov)
VALUES ('201', 'JULIA', 'MARTÍNEZ', 'GÓMEZ', 'JULIA@CORREO.COM', 666777888, 'AVD', 200, 'AVENIDA PAZ', 'S', 'S', '45', 'S', 'S', 'MADRID', 'MADRID');

INSERT INTO participantes (asociado, nombre, ap1, ap2, correo_electronico, telefono, tipo_via, num_via, nombre_via, bloque, escalera, planta, puerta, seccion, nombreloc, nombreprov)
VALUES ('202', 'CARLOS', 'GUTIÉRREZ', 'RODRÍGUEZ', 'CARLOS@CORREO.COM', 677888999, 'C', 201, 'CALLE MAYOR', '2', 'A', '3', 'B', 'C', 'BARCELONA', 'BARCELONA');

INSERT INTO participantes (asociado, nombre, ap1, ap2, correo_electronico, telefono, tipo_via, num_via, nombre_via, bloque, escalera, planta, puerta, seccion, nombreloc, nombreprov)
VALUES ('203', 'MARÍA', 'SÁNCHEZ', 'LOZANO', 'MARIA@CORREO.COM', 655444333, 'AVD', 202, 'AVENIDA LIBERTAD', 'A', 'B', '1', 'C', 'A', 'ALICANTE', 'ALICANTE');

INSERT INTO participantes (asociado, nombre, ap1, ap2, correo_electronico, telefono, tipo_via, num_via, nombre_via, bloque, escalera, planta, puerta, seccion, nombreloc, nombreprov)
VALUES ('204', 'DAVID', 'MARTÍN', 'HERNÁNDEZ', 'DAVID@CORREO.COM', 633222111, 'C', 203, 'CALLE REAL', '5', 'C', '2', 'D', 'B', 'JEREZ DE LA FRONTERA', 'CÁDIZ');

INSERT INTO participantes (asociado, nombre, ap1, ap2, correo_electronico, telefono, tipo_via, num_via, nombre_via, bloque, escalera, planta, puerta, seccion, nombreloc, nombreprov)
VALUES ('205', 'ANA', 'JIMÉNEZ', 'GARCÍA', 'ANA@CORREO.COM', 677888999, 'AVD', 204, 'AVENIDA CARMEN', '6', 'B', '3', 'A', 'A', 'ALMERÍA', 'ALMERÍA');

INSERT INTO participantes (asociado, nombre, ap1, ap2, correo_electronico, telefono, tipo_via, num_via, nombre_via, bloque, escalera, planta, puerta, seccion, nombreloc, nombreprov)
VALUES ('206', 'JORGE', 'GÓMEZ', 'MARTÍNEZ', 'JORGE@CORREO.COM', 688999111, 'C', 205, 'CALLE ALAMEDA', '8', 'A', '4', 'B', 'C', 'VALENCIA', 'VALENCIA');

INSERT INTO participantes (asociado, nombre, ap1, ap2, correo_electronico, telefono, tipo_via, num_via, nombre_via, bloque, escalera, planta, puerta, seccion, nombreloc, nombreprov)
VALUES ('207', 'ROSA', 'DÍAZ', 'RODRÍGUEZ', 'ROSA@CORREO.COM', 655444333, 'C', 207, 'CALLE SAN JUAN', 'A', 'A', '2', 'D', 'A', 'ZARAGOZA', 'ZARAGOZA');

INSERT INTO participantes (asociado, nombre, ap1, ap2, correo_electronico, telefono, tipo_via, num_via, nombre_via, bloque, escalera, planta, puerta, seccion, nombreloc, nombreprov)
VALUES ('208', 'JAVIER', 'MARTÍNEZ', 'LOZANO', 'JAVIER@CORREO.COM', 633222111, 'AVD', 208, 'AVENIDA DEL PRADO', 'B', 'B', '3', 'A', 'C', 'MADRID', 'MADRID');

INSERT INTO participantes (asociado, nombre, ap1, ap2, correo_electronico, telefono, tipo_via, num_via, nombre_via, bloque, escalera, planta, puerta, seccion, nombreloc, nombreprov)
VALUES ('209', 'IRENE', 'GONZÁLEZ', 'GÓMEZ', 'IRENE@CORREO.COM', 677888999, 'C', 209, 'CALLE GRAN VÍA', 'C', 'C', '4', 'B', 'B', 'BARCELONA', 'BARCELONA');

INSERT INTO participantes (asociado, nombre, ap1, ap2, correo_electronico, telefono, tipo_via, num_via, nombre_via, bloque, escalera, planta, puerta, seccion, nombreloc, nombreprov)
VALUES ('210', 'SERGIO', 'RODRÍGUEZ', 'FERNÁNDEZ', 'SERGIO@CORREO.COM', 688999111, 'AVD', 210, 'AVENIDA CONSTI','D', 'A', '1', 'C', 'A', 'ALICANTE', 'ALICANTE');

INSERT INTO participantes (asociado, nombre, ap1, ap2, correo_electronico, telefono, tipo_via, num_via, nombre_via, bloque, escalera, planta, puerta, seccion, nombreloc, nombreprov)
VALUES ('211', 'MARINA', 'SÁNCHEZ', 'PÉREZ', 'MARINA@CORREO.COM', 677888999, 'C', 211, 'CALLE MAYOR', 'K', 'B', '2', 'D', 'C', 'VALENCIA', 'VALENCIA');

INSERT INTO participantes (asociado, nombre, ap1, ap2, correo_electronico, telefono, tipo_via, num_via, nombre_via, bloque, escalera, planta, puerta, seccion, nombreloc, nombreprov)
VALUES ('212', 'PEDRO', 'GÓMEZ', 'GARCÍA', 'PEDRO@CORREO.COM', 655444333, 'AVD', 212, 'AVENIDA LIBERTAD', 'P', 'C', '3', 'A', 'A', 'ROQUETAS DE MAR', 'ALMERÍA');

INSERT INTO participantes (asociado, nombre, ap1, ap2, correo_electronico, telefono, tipo_via, num_via, nombre_via, bloque, escalera, planta, puerta, seccion, nombreloc, nombreprov)
VALUES ('213', 'ELENA', 'RODRÍGUEZ', 'HERNÁNDEZ', 'ELENA@CORREO.COM', 633222111, 'C', 213, 'CALLE REAL', 'D', 'A', '4', 'B', 'B', 'ALMERÍA', 'ALMERÍA');

INSERT INTO participantes (asociado, nombre, ap1, ap2, correo_electronico, telefono, tipo_via, num_via, nombre_via, bloque, escalera, planta, puerta, seccion, nombreloc, nombreprov)
VALUES ('214', 'RAÚL', 'SÁNCHEZ', 'MARTÍNEZ', 'RAUL@CORREO.COM', 677888999, 'AVD', 214, 'AVENIDA DEL CARMEN', 'O', 'B', '1', 'C', 'C', 'ROQUETAS DE MAR', 'ALMERÍA');

INSERT INTO participantes (asociado, nombre, ap1, ap2, correo_electronico, telefono, tipo_via, num_via, nombre_via, bloque, escalera, planta, puerta, seccion, nombreloc, nombreprov)
VALUES ('215', 'NATALIA', 'GÓMEZ', 'RODRÍGUEZ', 'NATALIA@CORREO.COM', 688999111, 'C', 215, 'CALLE ALAMEDA', 'Q', 'C', '2', 'D', 'A', 'ZARAGOZA', 'ZARAGOZA');

INSERT INTO participantes (asociado, nombre, ap1, ap2, correo_electronico, telefono, tipo_via, num_via, nombre_via, bloque, escalera, planta, puerta, seccion, nombreloc, nombreprov)
VALUES ('216', 'JULIA', 'FERNÁNDEZ', 'GÓMEZ', 'JULIA@CORREO.COM', 677888999, 'AVD', 216, 'AVENIDA DE LA PAZ', 'M', 'A', '3', 'A', 'B', 'MADRID', 'MADRID');

INSERT INTO participantes (asociado, nombre, ap1, ap2, correo_electronico, telefono, tipo_via, num_via, nombre_via, bloque, escalera, planta, puerta, seccion, nombreloc, nombreprov)
VALUES ('217', 'DIEGO', 'GUTIÉRREZ', 'RODRÍGUEZ', 'DIEGO@CORREO.COM', 655444333, 'C', 217, 'CALLE SAN JUAN', 'W', 'B', '4', 'B', 'C', 'BARCELONA', 'BARCELONA');

INSERT INTO participantes (asociado, nombre, ap1, ap2, correo_electronico, telefono, tipo_via, num_via, nombre_via, bloque, escalera, planta, puerta, seccion, nombreloc, nombreprov)
VALUES ('218', 'ALBERTO', 'MARTÍNEZ', 'LOZANO', 'ALBERTO@CORREO.COM', 633222111, 'AVD', 218, 'AVENIDA DEL PRADO', 'B', 'C', '1', 'C', 'A', 'ZARAGOZA', 'ZARAGOZA');

INSERT INTO participantes (asociado, nombre, ap1, ap2, correo_electronico, telefono, tipo_via, num_via, nombre_via, bloque, escalera, planta, puerta, seccion, nombreloc, nombreprov)
VALUES ('219', 'SOFÍA', 'GONZÁLEZ', 'GÓMEZ', 'SOFIA@CORREO.COM', 677888999, 'C', 219, 'CALLE GRAN VÍA', 'U', 'A', '2', 'D', 'B', 'VALENCIA', 'VALENCIA');

INSERT INTO participantes (asociado, nombre, ap1, ap2, correo_electronico, telefono, tipo_via, num_via, nombre_via, bloque, escalera, planta, puerta, seccion, nombreloc, nombreprov)
VALUES ('220', 'GABRIEL', 'RODRÍGUEZ', 'GARCÍA', 'GABRIEL@CORREO.COM', 655444333, 'AVD', 220, 'AVENIDA LIBERTAD', 'Y', 'B', '3', 'A', 'C', 'ROQUETAS DE MAR', 'ALMERÍA');

INSERT INTO participantes (asociado, nombre, ap1, ap2, correo_electronico, telefono, tipo_via, num_via, nombre_via, bloque, escalera, planta, puerta, seccion, nombreloc, nombreprov)
VALUES ('221', 'ANDREA', 'SÁNCHEZ', 'PÉREZ', 'ANDREA@CORREO.COM', 633222111, 'C', 221, 'CALLE MAYOR', 'Q', 'C', '4', 'B', 'A', 'ALMERÍA', 'ALMERÍA');

INSERT INTO participantes (asociado, nombre, ap1, ap2, correo_electronico, telefono, tipo_via, num_via, nombre_via, bloque, escalera, planta, puerta, seccion, nombreloc, nombreprov)
VALUES ('222', 'ADRIÁN', 'GÓMEZ', 'MARTÍNEZ', 'ADRIAN@CORREO.COM', 677888999, 'AVD', 222, 'AVENIDA DEL CARMEN', 'N', 'A', '1', 'C', 'B', 'ROQUETAS DE MAR', 'ALMERÍA');

INSERT INTO participantes (asociado, nombre, ap1, ap2, correo_electronico, telefono, tipo_via, num_via, nombre_via, bloque, escalera, planta, puerta, seccion, nombreloc, nombreprov)
VALUES ('223', 'ALBA', 'SÁNCHEZ', 'PÉREZ', 'ALBA@CORREO.COM', 688999111, 'C', 228, 'CALLE ALAMEDA', 'A', 'A', '1', 'C', 'B', 'VALENCIA', 'VALENCIA');

INSERT INTO participantes (asociado, nombre, ap1, ap2, correo_electronico, telefono, tipo_via, num_via, nombre_via, bloque, escalera, planta, puerta, seccion, nombreloc, nombreprov)
VALUES ('224', 'CARLOS', 'GÓMEZ', 'MARTÍNEZ', 'CARLOS@CORREO.COM', 655444333, 'AVD', 229, 'AVENIDA LIBERTAD', 'B', 'B', '2', 'D', 'C', 'ROQUETAS DE MAR', 'ALMERÍA');

INSERT INTO participantes (asociado, nombre, ap1, ap2, correo_electronico, telefono, tipo_via, num_via, nombre_via, bloque, escalera, planta, puerta, seccion, nombreloc, nombreprov)
VALUES ('225', 'ANA', 'FERNÁNDEZ', 'GÓMEZ', 'ANA@CORREO.COM', 633222111, 'C', 230, 'CALLE SAN JUAN', 'C', 'C', '3', 'A', 'A', 'ALMERÍA', 'ALMERÍA');

INSERT INTO participantes (asociado, nombre, ap1, ap2, correo_electronico, telefono, tipo_via, num_via, nombre_via, bloque, escalera, planta, puerta, seccion, nombreloc, nombreprov)
VALUES ('226', 'DAVID', 'GUTIÉRREZ', 'RODRÍGUEZ', 'DAVID@CORREO.COM', 677888999, 'AVD', 231, 'AVENIDA  PAZ', 'D', 'A', '4', 'B', 'B', 'ROQUETAS DE MAR', 'ALMERÍA');

INSERT INTO participantes (asociado, nombre, ap1, ap2, correo_electronico, telefono, tipo_via, num_via, nombre_via, bloque, escalera, planta, puerta, seccion, nombreloc, nombreprov)
VALUES ('227', 'IRENE', 'MARTÍNEZ', 'LOZANO', 'IRENE@CORREO.COM', 655444333, 'C', 232, 'CALLE MAYOR', 'E', 'B', '1', 'C', 'C', 'ZARAGOZA', 'ZARAGOZA');

INSERT INTO participantes (asociado, nombre, ap1, ap2, correo_electronico, telefono, tipo_via, num_via, nombre_via, bloque, escalera, planta, puerta, seccion, nombreloc, nombreprov)
VALUES ('228', 'JUAN', 'GONZÁLEZ', 'GÓMEZ', 'JUAN@CORREO.COM', 633222111, 'AVD', 233, 'AVENIDA DEL CARMEN', 'F', 'C', '2', 'D', 'A', 'MADRID', 'MADRID');

INSERT INTO participantes (asociado, nombre, ap1, ap2, correo_electronico, telefono, tipo_via, num_via, nombre_via, bloque, escalera, planta, puerta, seccion, nombreloc, nombreprov)
VALUES ('229', 'SARA', 'RODRÍGUEZ', 'HERNÁNDEZ', 'SARA@CORREO.COM', 677888999, 'C', 234, 'CALLE REAL', 'G', 'A', '3', 'A', 'B', 'ALICANTE', 'ALICANTE');

INSERT INTO participantes (asociado, nombre, ap1, ap2, correo_electronico, telefono, tipo_via, num_via, nombre_via, bloque, escalera, planta, puerta, seccion, nombreloc, nombreprov)
VALUES ('230', 'ADRIANA', 'SÁNCHEZ', 'PÉREZ', 'ADRIANA@CORREO.COM', 688999111, 'C', 235, 'CALLE ALAMEDA', 'H', 'B', '4', 'B', 'C', 'VALENCIA', 'VALENCIA');

INSERT INTO participantes (asociado, nombre, ap1, ap2, correo_electronico, telefono, tipo_via, num_via, nombre_via, bloque, escalera, planta, puerta, seccion, nombreloc, nombreprov)
VALUES ('231', 'DIEGO', 'GÓMEZ', 'MARTÍNEZ', 'DIEGO@CORREO.COM', 655444333, 'AVD', 236, 'AVENIDA LIBERTAD', 'I', 'C', '1', 'C', 'A', 'ROQUETAS DE MAR', 'ALMERÍA');

INSERT INTO participantes (asociado, nombre, ap1, ap2, correo_electronico, telefono, tipo_via, num_via, nombre_via, bloque, escalera, planta, puerta, seccion, nombreloc, nombreprov)
VALUES ('232', 'PAULA', 'FERNÁNDEZ', 'GÓMEZ', 'PAULA@CORREO.COM', 633222111, 'C', 237, 'CALLE SAN JUAN', 'J', 'A', '2', 'D', 'B', 'ALMERÍA', 'ALMERÍA');

INSERT INTO participantes (asociado, nombre, ap1, ap2, correo_electronico, telefono, tipo_via, num_via, nombre_via, bloque, escalera, planta, puerta, seccion, nombreloc, nombreprov)
VALUES ('233', 'MARIO', 'GUTIÉRREZ', 'RODRÍGUEZ', 'MARIO@CORREO.COM', 677888999, 'AVD', 238, 'AVENIDA DE LA PAZ', 'K', 'B', '3', 'A', 'C', 'ROQUETAS DE MAR', 'ALMERÍA');

INSERT INTO participantes (asociado, nombre, ap1, ap2, correo_electronico, telefono, tipo_via, num_via, nombre_via, bloque, escalera, planta, puerta, seccion, nombreloc, nombreprov)
VALUES ('234', 'SARA', 'RODRÍGUEZ', 'HERNÁNDEZ', 'SARA@CORREO.COM', 677888999, 'C', 234, 'CALLE REAL', 'G', 'A', '3', 'A', 'B', 'ALICANTE', 'ALICANTE');

INSERT INTO participantes (asociado, nombre, ap1, ap2, correo_electronico, telefono, tipo_via, num_via, nombre_via, bloque, escalera, planta, puerta, seccion, nombreloc, nombreprov)
VALUES ('235', 'ADRIANA', 'SÁNCHEZ', 'PÉREZ', 'ADRIANA@CORREO.COM', 688999111, 'C', 235, 'CALLE ALAMEDA', 'H', 'B', '4', 'B', 'C', 'VALENCIA', 'VALENCIA');

INSERT INTO participantes (asociado, nombre, ap1, ap2, correo_electronico, telefono, tipo_via, num_via, nombre_via, bloque, escalera, planta, puerta, seccion, nombreloc, nombreprov)
VALUES ('236', 'DIEGO', 'GÓMEZ', 'MARTÍNEZ', 'DIEGO@CORREO.COM', 655444333, 'AVD', 236, 'AVENIDA LIBERTAD', 'I', 'C', '1', 'C', 'A', 'A CORUÑA', 'A CORUÑA');

INSERT INTO participantes (asociado, nombre, ap1, ap2, correo_electronico, telefono, tipo_via, num_via, nombre_via, bloque, escalera, planta, puerta, seccion, nombreloc, nombreprov)
VALUES ('237', 'PAULA', 'FERNÁNDEZ', 'GÓMEZ', 'PAULA@CORREO.COM', 633222111, 'C', 237, 'CALLE SAN JUAN', 'J', 'A', '2', 'D', 'B', 'ALMERÍA', 'ALMERÍA');

INSERT INTO participantes (asociado, nombre, ap1, ap2, correo_electronico, telefono, tipo_via, num_via, nombre_via, bloque, escalera, planta, puerta, seccion, nombreloc, nombreprov)
VALUES ('238', 'MARIO', 'GUTIÉRREZ', 'RODRÍGUEZ', 'MARIO@CORREO.COM', 677888999, 'AVD', 238, 'AVENIDA DE LA PAZ', 'K', 'B', '3', 'A', 'C', 'A CORUÑA', 'A CORUÑA');

INSERT INTO participantes (asociado, nombre, ap1, ap2, correo_electronico, telefono, tipo_via, num_via, nombre_via, bloque, escalera, planta, puerta, seccion, nombreloc, nombreprov)
VALUES ('239', 'EMMA', 'MARTÍNEZ', 'LOZANO', 'EMMA@CORREO.COM', 655444333, 'C', 239, 'CALLE MAYOR', 'L', 'C', '4', 'B', 'A', 'ZARAGOZA', 'ZARAGOZA');

INSERT INTO participantes (asociado, nombre, ap1, ap2, correo_electronico, telefono, tipo_via, num_via, nombre_via, bloque, escalera, planta, puerta, seccion, nombreloc, nombreprov)
VALUES ('240', 'PABLO', 'RODRÍGUEZ', 'GARCÍA', 'PABLO@CORREO.COM', 699889900, 'AVD', 240, 'AVENIDA LIBERTAD', 'M', 'A', '1', 'C', 'B', 'VALENCIA', 'VALENCIA');

INSERT INTO participantes (asociado, nombre, ap1, ap2, correo_electronico, telefono, tipo_via, num_via, nombre_via, bloque, escalera, planta, puerta, seccion, nombreloc, nombreprov)
VALUES ('241', 'CARLOS', 'GÓMEZ', 'MARTÍNEZ', 'CARLOS@CORREO.COM', 688999111, 'C', 241, 'CALLE ALAMEDA', 'N', 'B', '2', 'D', 'C', 'A CORUÑA', 'A CORUÑA');

INSERT INTO participantes (asociado, nombre, ap1, ap2, correo_electronico, telefono, tipo_via, num_via, nombre_via, bloque, escalera, planta, puerta, seccion, nombreloc, nombreprov)
VALUES ('242', 'ANA', 'FERNÁNDEZ', 'GÓMEZ', 'ANA@CORREO.COM', 655444333, 'AVD', 242, 'AVENIDA LIBERTAD', 'O', 'C', '3', 'A', 'A', 'ALMERÍA', 'ALMERÍA');

INSERT INTO participantes (asociado, nombre, ap1, ap2, correo_electronico, telefono, tipo_via, num_via, nombre_via, bloque, escalera, planta, puerta, seccion, nombreloc, nombreprov)
VALUES ('243', 'DAVID', 'GUTIÉRREZ', 'RODRÍGUEZ', 'DAVID@CORREO.COM', 633222111, 'C', 243, 'CALLE SAN JUAN', 'P', 'A', '4', 'B', 'B', 'A CORUÑA', 'A CORUÑA');

INSERT INTO participantes (asociado, nombre, ap1, ap2, correo_electronico, telefono, tipo_via, num_via, nombre_via, bloque, escalera, planta, puerta, seccion, nombreloc, nombreprov)
VALUES ('244', 'IRENE', 'MARTÍNEZ', 'LOZANO', 'IRENE@CORREO.COM', 677888999, 'AVD', 244, 'AVENIDA DE LA PAZ', 'Q', 'B', '1', 'C', 'C', 'ZARAGOZA', 'ZARAGOZA');

INSERT INTO participantes (asociado, nombre, ap1, ap2, correo_electronico, telefono, tipo_via, num_via, nombre_via, bloque, escalera, planta, puerta, seccion, nombreloc, nombreprov)
VALUES ('245', 'JAVIER', 'RODRÍGUEZ', 'HERNÁNDEZ', 'JAVIER@CORREO.COM', 688999111, 'C', 245, 'CALLE REAL', 'R', 'C', '2', 'D', 'A', 'ALICANTE', 'ALICANTE');

INSERT INTO participantes (asociado, nombre, ap1, ap2, correo_electronico, telefono, tipo_via, num_via, nombre_via, bloque, escalera, planta, puerta, seccion, nombreloc, nombreprov)
VALUES ('246', 'CLAUDIA', 'SÁNCHEZ', 'PÉREZ', 'CLAUDIA@CORREO.COM', 655444333, 'AVD', 246, 'AVENIDA LIBERTAD', 'S', 'A', '3', 'A', 'B', 'VALENCIA', 'VALENCIA');

INSERT INTO participantes (asociado, nombre, ap1, ap2, correo_electronico, telefono, tipo_via, num_via, nombre_via, bloque, escalera, planta, puerta, seccion, nombreloc, nombreprov)
VALUES ('247', 'PEDRO', 'GÓMEZ', 'MARTÍNEZ', 'PEDRO@CORREO.COM', 633222111, 'C', 247, 'CALLE SAN JUAN', 'T', 'B', '4', 'B', 'C', 'A CORUÑA', 'A CORUÑA');

INSERT INTO participantes (asociado, nombre, ap1, ap2, correo_electronico, telefono, tipo_via, num_via, nombre_via, bloque, escalera, planta, puerta, seccion, nombreloc, nombreprov)
VALUES ('248', 'ELENA', 'FERNÁNDEZ', 'GÓMEZ', 'ELENA@CORREO.COM', 677888999, 'AVD', 248, 'AVENIDA DE LA PAZ', 'U', 'C', '1', 'C', 'A', 'ALMERÍA', 'ALMERÍA');

INSERT INTO participantes (asociado, nombre, ap1, ap2, correo_electronico, telefono, tipo_via, num_via, nombre_via, bloque, escalera, planta, puerta, seccion, nombreloc, nombreprov)
VALUES ('249', 'SERGIO', 'RODRÍGUEZ', 'HERNÁNDEZ', 'SERGIO@CORREO.COM', 699889900, 'C', 249, 'CALLE REAL', 'V', 'A', '2', 'D', 'B', 'A CORUÑA', 'A CORUÑA');

INSERT INTO participantes (asociado, nombre, ap1, ap2, correo_electronico, telefono, tipo_via, num_via, nombre_via, bloque, escalera, planta, puerta, seccion, nombreloc, nombreprov)
VALUES ('250', 'SANDRA', 'SÁNCHEZ', 'PÉREZ', 'SANDRA@CORREO.COM', 688999111, 'AVD', 250, 'AVENIDA LIBERTAD', 'W', 'B', '3', 'A', 'C', 'ZARAGOZA', 'ZARAGOZA');

INSERT INTO participantes (asociado, nombre, ap1, ap2, correo_electronico, telefono, tipo_via, num_via, nombre_via, bloque, escalera, planta, puerta, seccion, nombreloc, nombreprov)
VALUES ('251', 'ALEJANDRO', 'GÓMEZ', 'MARTÍNEZ', 'ALEJANDRO@CORREO.COM', 655444333, 'C', 251, 'CALLE SAN JUAN', 'X', 'C', '4', 'B', 'A', 'ALICANTE', 'ALICANTE');

INSERT INTO participantes (asociado, nombre, ap1, ap2, correo_electronico, telefono, tipo_via, num_via, nombre_via, bloque, escalera, planta, puerta, seccion, nombreloc, nombreprov)
VALUES ('252', 'CAROLINA', 'FERNÁNDEZ', 'GÓMEZ', 'CAROLINA@CORREO.COM', 633222111, 'AVD', 252, 'AVENIDA DE LA PAZ', 'Y', 'A', '1', 'C', 'B', 'VALENCIA', 'VALENCIA');

INSERT INTO participantes (asociado, nombre, ap1, ap2, correo_electronico, telefono, tipo_via, num_via, nombre_via, bloque, escalera, planta, puerta, seccion, nombreloc, nombreprov)
VALUES ('253', 'MARCOS', 'RODRÍGUEZ', 'HERNÁNDEZ', 'MARCOS@CORREO.COM', 677888999, 'C', 253, 'CALLE REAL', 'Z', 'B', '2', 'D', 'C', 'A CORUÑA', 'A CORUÑA');

INSERT INTO participantes (asociado, nombre, ap1, ap2, correo_electronico, telefono, tipo_via, num_via, nombre_via, bloque, escalera, planta, puerta, seccion, nombreloc, nombreprov)
VALUES ('254', 'ANDREA', 'SÁNCHEZ', 'PÉREZ', 'ANDREA@CORREO.COM', 699889900, 'AVD', 254, 'AVENIDA LIBERTAD', 'A', 'C', '3', 'A', 'A', 'ALMERÍA', 'ALMERÍA');

INSERT INTO participantes (asociado, nombre, ap1, ap2, correo_electronico, telefono, tipo_via, num_via, nombre_via, bloque, escalera, planta, puerta, seccion, nombreloc, nombreprov)
VALUES ('255', 'ALBERTO', 'GÓMEZ', 'MARTÍNEZ', 'ALBERTO@CORREO.COM', 688999111, 'C', 255, 'CALLE SAN JUAN', 'B', 'A', '4', 'B', 'B', 'A CORUÑA', 'A CORUÑA');

INSERT INTO participantes (asociado, nombre, ap1, ap2, correo_electronico, telefono, tipo_via, num_via, nombre_via, bloque, escalera, planta, puerta, seccion, nombreloc, nombreprov)
VALUES ('256', 'MARINA', 'FERNÁNDEZ', 'GÓMEZ', 'MARINA@CORREO.COM', 655444333, 'AVD', 256, 'AVENIDA PAZ', 'C', 'B', '1', 'C', 'C', 'ZARAGOZA', 'ZARAGOZA');

INSERT INTO participantes (asociado, nombre, ap1, ap2, correo_electronico, telefono, tipo_via, num_via, nombre_via, bloque, escalera, planta, puerta, seccion, nombreloc, nombreprov)
VALUES ('257', 'IVÁN', 'RODRÍGUEZ', 'HERNÁNDEZ', 'IVAN@CORREO.COM', 633222111, 'C', 257, 'CALLE REAL', 'D', 'C', '2', 'D', 'A', 'ALICANTE', 'ALICANTE');

INSERT INTO participantes (asociado, nombre, ap1, ap2, correo_electronico, telefono, tipo_via, num_via, nombre_via, bloque, escalera, planta, puerta, seccion, nombreloc, nombreprov)
VALUES ('258', 'PAULA', 'SÁNCHEZ', 'PÉREZ', 'PAULA@CORREO.COM', 677888999, 'AVD', 258, 'AVENIDA LIBERTAD', 'E', 'A', '3', 'A', 'B', 'VALENCIA', 'VALENCIA');

INSERT INTO participantes (asociado, nombre, ap1, ap2, correo_electronico, telefono, tipo_via, num_via, nombre_via, bloque, escalera, planta, puerta, seccion, nombreloc, nombreprov)
VALUES ('259', 'JUAN', 'GÓMEZ', 'MARTÍNEZ', 'JUAN@CORREO.COM', 699889900, 'C', 259, 'CALLE SAN JUAN', 'F', 'B', '4', 'B', 'C', 'A CORUÑA', 'A CORUÑA');

INSERT INTO participantes (asociado, nombre, ap1, ap2, correo_electronico, telefono, tipo_via, num_via, nombre_via, bloque, escalera, planta, puerta, seccion, nombreloc, nombreprov)
VALUES ('260', 'SOFÍA', 'FERNÁNDEZ', 'GÓMEZ', 'SOFIA@CORREO.COM', 688999111, 'AVD', 260, 'AVENIDA PAZ', 'G', 'C', '1', 'C', 'A', 'ALMERÍA', 'ALMERÍA');

INSERT INTO participantes (asociado, nombre, ap1, ap2, correo_electronico, telefono, tipo_via, num_via, nombre_via, bloque, escalera, planta, puerta, seccion, nombreloc, nombreprov)
VALUES ('261', 'ANTONIO', 'GÓMEZ', 'MARTÍNEZ', 'ANTONIO@CORREO.COM', 677333444, 'C', 261, 'CALLE LIBERTAD', 'A', 'A', '1', 'A', 'A', 'ZARAGOZA', 'ZARAGOZA');

INSERT INTO participantes (asociado, nombre, ap1, ap2, correo_electronico, telefono, tipo_via, num_via, nombre_via, bloque, escalera, planta, puerta, seccion, nombreloc, nombreprov)
VALUES ('262', 'MARÍA', 'RODRÍGUEZ', 'GARCÍA', 'MARIA@CORREO.COM', 655444333, 'AVD', 262, 'AVENIDA LIBERTAD', 'B', 'B', '2', 'B', 'B', 'MADRID', 'MADRID');

INSERT INTO participantes (asociado, nombre, ap1, ap2, correo_electronico, telefono, tipo_via, num_via, nombre_via, bloque, escalera, planta, puerta, seccion, nombreloc, nombreprov)
VALUES ('263', 'JUAN', 'HERNÁNDEZ', 'LÓPEZ', 'JUAN@CORREO.COM', 633222111, 'C', 263, 'CALLE LIBERTAD', 'C', 'C', '3', 'C', 'C', 'A CORUÑA', 'A CORUÑA');

INSERT INTO participantes (asociado, nombre, ap1, ap2, correo_electronico, telefono, tipo_via, num_via, nombre_via, bloque, escalera, planta, puerta, seccion, nombreloc, nombreprov)
VALUES ('264', 'LAURA', 'DÍAZ', 'MARTÍNEZ', 'LAURA@CORREO.COM', 611111222, 'AVD', 264, 'AVENIDA LIBERTAD', 'D', 'D', '1', 'D', 'D', 'VALENCIA', 'VALENCIA');

INSERT INTO participantes (asociado, nombre, ap1, ap2, correo_electronico, telefono, tipo_via, num_via, nombre_via, bloque, escalera, planta, puerta, seccion, nombreloc, nombreprov)
VALUES ('265', 'DAVID', 'PÉREZ', 'GÓMEZ', 'DAVID@CORREO.COM', 688888999, 'C', 265, 'CALLE LIBERTAD', 'E', 'E', '2', 'E', 'E', 'MADRID', 'MADRID');

INSERT INTO participantes (asociado, nombre, ap1, ap2, correo_electronico, telefono, tipo_via, num_via, nombre_via, bloque, escalera, planta, puerta, seccion, nombreloc, nombreprov)
VALUES ('266', 'ANA', 'GÓMEZ', 'GONZÁLEZ', 'ANA@CORREO.COM', 666666777, 'AVD', 266, 'AVENIDA LIBERTAD', 'F', 'F', '3', 'F', 'F', 'VALENCIA', 'VALENCIA');

INSERT INTO participantes (asociado, nombre, ap1, ap2, correo_electronico, telefono, tipo_via, num_via, nombre_via, bloque, escalera, planta, puerta, seccion, nombreloc, nombreprov)
VALUES ('267', 'PABLO', 'FERNÁNDEZ', 'LÓPEZ', 'PABLO@CORREO.COM', 677777888, 'C', 267, 'CALLE LIBERTAD', 'G', 'G', '1', 'G', 'G', 'ZARAGOZA', 'ZARAGOZA');

INSERT INTO participantes (asociado, nombre, ap1, ap2, correo_electronico, telefono, tipo_via, num_via, nombre_via, bloque, escalera, planta, puerta, seccion, nombreloc, nombreprov)
VALUES ('268', 'ELENA', 'LÓPEZ', 'SÁNCHEZ', 'ELENA@CORREO.COM', 655555666, 'AVD', 268, 'AVENIDA LIBERTAD', 'H', 'H', '2', 'H', 'H', 'A CORUÑA', 'A CORUÑA');

INSERT INTO participantes (asociado, nombre, ap1, ap2, correo_electronico, telefono, tipo_via, num_via, nombre_via, bloque, escalera, planta, puerta, seccion, nombreloc, nombreprov)
VALUES ('269', 'SERGIO', 'RODRÍGUEZ', 'MARTÍNEZ', 'SERGIO@CORREO.COM', 633444555, 'C', 269, 'CALLE LIBERTAD', 'I', 'I', '3', 'I', 'I', 'VALENCIA', 'VALENCIA');

INSERT INTO participantes (asociado, nombre, ap1, ap2, correo_electronico, telefono, tipo_via, num_via, nombre_via, bloque, escalera, planta, puerta, seccion, nombreloc, nombreprov)
VALUES ('270', 'SARA', 'GARCÍA', 'FERNÁNDEZ', 'SARA@CORREO.COM', 611222333, 'AVD', 270, 'AVENIDA LIBERTAD', 'J', 'J', '1', 'J', 'J', 'MADRID', 'MADRID');

INSERT INTO participantes (asociado, nombre, ap1, ap2, correo_electronico, telefono, tipo_via, num_via, nombre_via, bloque, escalera, planta, puerta, seccion, nombreloc, nombreprov)
VALUES ('271', 'JAVIER', 'MARTÍNEZ', 'RODRÍGUEZ', 'JAVIER@CORREO.COM', 688999000, 'C', 271, 'CALLE LIBERTAD', 'K', 'K', '2', 'K', 'K', 'ZARAGOZA', 'ZARAGOZA');

INSERT INTO participantes (asociado, nombre, ap1, ap2, correo_electronico, telefono, tipo_via, num_via, nombre_via, bloque, escalera, planta, puerta, seccion, nombreloc, nombreprov)
VALUES ('272', 'EVA', 'SÁNCHEZ', 'GÓMEZ', 'EVA@CORREO.COM', 655666777, 'AVD', 272, 'AVENIDA LIBERTAD', 'L', 'L', '3', 'L', 'L', 'A CORUÑA', 'A CORUÑA');

INSERT INTO participantes (asociado, nombre, ap1, ap2, correo_electronico, telefono, tipo_via, num_via, nombre_via, bloque, escalera, planta, puerta, seccion, nombreloc, nombreprov)
VALUES ('273', 'JULIA', 'FERNÁNDEZ', 'LÓPEZ', 'JULIA@CORREO.COM', 633555666, 'C', 273, 'CALLE LIBERTAD', 'M', 'M', '1', 'M', 'M', 'VALENCIA', 'VALENCIA');

INSERT INTO participantes (asociado, nombre, ap1, ap2, correo_electronico, telefono, tipo_via, num_via, nombre_via, bloque, escalera, planta, puerta, seccion, nombreloc, nombreprov)
VALUES ('274', 'RAÚL', 'GÓMEZ', 'SÁNCHEZ', 'RAUL@CORREO.COM', 611333444, 'AVD', 274, 'AVENIDA LIBERTAD', 'N', 'N', '2', 'N', 'N', 'MADRID', 'MADRID');

INSERT INTO participantes (asociado, nombre, ap1, ap2, correo_electronico, telefono, tipo_via, num_via, nombre_via, bloque, escalera, planta, puerta, seccion, nombreloc, nombreprov)
VALUES ('275', 'ALBA', 'RODRÍGUEZ', 'MARTÍNEZ', 'ALBA@CORREO.COM', 688111222, 'C', 275, 'CALLE LIBERTAD', 'O', 'O', '3', 'O', 'O', 'ZARAGOZA', 'ZARAGOZA');

INSERT INTO participantes (asociado, nombre, ap1, ap2, correo_electronico, telefono, tipo_via, num_via, nombre_via, bloque, escalera, planta, puerta, seccion, nombreloc, nombreprov)
VALUES ('276', 'PEDRO', 'SÁNCHEZ', 'GARCÍA', 'PEDRO@CORREO.COM', 655777888, 'AVD', 276, 'AVENIDA LIBERTAD', 'P', 'P', '1', 'P', 'P', 'A CORUÑA', 'A CORUÑA');

INSERT INTO participantes (asociado, nombre, ap1, ap2, correo_electronico, telefono, tipo_via, num_via, nombre_via, bloque, escalera, planta, puerta, seccion, nombreloc, nombreprov)
VALUES ('277', 'CRISTINA', 'MARTÍNEZ', 'RODRÍGUEZ', 'CRISTINA@CORREO.COM', 633666777, 'C', 277, 'CALLE LIBERTAD', 'Q', 'Q', '2', 'Q', 'Q', 'VALENCIA', 'VALENCIA');

INSERT INTO participantes (asociado, nombre, ap1, ap2, correo_electronico, telefono, tipo_via, num_via, nombre_via, bloque, escalera, planta, puerta, seccion, nombreloc, nombreprov)
VALUES ('278', 'OSCAR', 'GÓMEZ', 'LÓPEZ', 'OSCAR@CORREO.COM', 611444555, 'AVD', 278, 'AVENIDA LIBERTAD', 'R', 'R', '3', 'R', 'R', 'MADRID', 'MADRID');

INSERT INTO participantes (asociado, nombre, ap1, ap2, correo_electronico, telefono, tipo_via, num_via, nombre_via, bloque, escalera, planta, puerta, seccion, nombreloc, nombreprov)
VALUES ('279', 'ANA', 'SÁNCHEZ', 'MARTÍNEZ', 'ANA@CORREO.COM', 688222333, 'C', 279, 'CALLE LIBERTAD', 'S', 'S', '1', 'S', 'S', 'ZARAGOZA', 'ZARAGOZA');

INSERT INTO participantes (asociado, nombre, ap1, ap2, correo_electronico, telefono, tipo_via, num_via, nombre_via, bloque, escalera, planta, puerta, seccion, nombreloc, nombreprov)
VALUES ('280', 'MIGUEL', 'RODRÍGUEZ', 'GARCÍA', 'MIGUEL@CORREO.COM', 655888999, 'AVD', 280, 'AVENIDA LIBERTAD', 'T', 'T', '2', 'T', 'T', 'A CORUÑA', 'A CORUÑA');

INSERT INTO participantes (asociado, nombre, ap1, ap2, correo_electronico, telefono, tipo_via, num_via, nombre_via, bloque, escalera, planta, puerta, seccion, nombreloc, nombreprov)
VALUES ('281', 'CARLOS', 'GONZÁLEZ', 'GARCÍA', 'CARLOS@CORREO.COM', 677123123, 'C', 281, 'CALLE MAYOR', 'A', 'A', '1', 'A', 'A', 'MADRID', 'MADRID');

INSERT INTO participantes (asociado, nombre, ap1, ap2, correo_electronico, telefono, tipo_via, num_via, nombre_via, bloque, escalera, planta, puerta, seccion, nombreloc, nombreprov)
VALUES ('282', 'MARTA', 'MARTÍNEZ', 'LÓPEZ', 'MARTA@CORREO.COM', 655234234, 'AVD', 282, 'AVENIDA PRINCIPAL', 'B', 'B', '2', 'B', 'B', 'BARCELONA', 'BARCELONA');

INSERT INTO participantes (asociado, nombre, ap1, ap2, correo_electronico, telefono, tipo_via, num_via, nombre_via, bloque, escalera, planta, puerta, seccion, nombreloc, nombreprov)
VALUES ('283', 'JULIA', 'GÓMEZ', 'MARTÍNEZ', 'JULIA@CORREO.COM', 633345345, 'C', 283, 'CALLE SOL', 'C', 'C', '3', 'C', 'C', 'ALGECIRAS', 'CÁDIZ');

INSERT INTO participantes (asociado, nombre, ap1, ap2, correo_electronico, telefono, tipo_via, num_via, nombre_via, bloque, escalera, planta, puerta, seccion, nombreloc, nombreprov)
VALUES ('284', 'SERGIO', 'SÁNCHEZ', 'GONZÁLEZ', 'SERGIO@CORREO.COM', 611456456, 'AVD', 284, 'AVENIDA LIBERTAD', 'D', 'D', '1', 'D', 'D', 'ALGECIRAS', 'CÁDIZ');

INSERT INTO participantes (asociado, nombre, ap1, ap2, correo_electronico, telefono, tipo_via, num_via, nombre_via, bloque, escalera, planta, puerta, seccion, nombreloc, nombreprov)
VALUES ('285', 'ELENA', 'RODRÍGUEZ', 'MARTÍNEZ', 'ELENA@CORREO.COM', 688567567, 'C', 285, 'CALLE PRINCIPAL', 'E', 'E', '2', 'E', 'E', 'VALENCIA', 'VALENCIA');

INSERT INTO participantes (asociado, nombre, ap1, ap2, correo_electronico, telefono, tipo_via, num_via, nombre_via, bloque, escalera, planta, puerta, seccion, nombreloc, nombreprov)
VALUES ('286', 'PABLO', 'GARCÍA', 'GONZÁLEZ', 'PABLO@CORREO.COM', 655678678, 'AVD', 286, 'AVENIDA LIBERTAD', 'F', 'F', '3', 'F', 'F', 'MADRID', 'MADRID');

INSERT INTO participantes (asociado, nombre, ap1, ap2, correo_electronico, telefono, tipo_via, num_via, nombre_via, bloque, escalera, planta, puerta, seccion, nombreloc, nombreprov)
VALUES ('287', 'ANA', 'LÓPEZ', 'SÁNCHEZ', 'ANA@CORREO.COM', 633789789, 'C', 287, 'CALLE SOL', 'G', 'G', '1', 'G', 'G', 'ZARAGOZA', 'ZARAGOZA');

INSERT INTO participantes (asociado, nombre, ap1, ap2, correo_electronico, telefono, tipo_via, num_via, nombre_via, bloque, escalera, planta, puerta, seccion, nombreloc, nombreprov)
VALUES ('288', 'DAVID', 'FERNÁNDEZ', 'GARCÍA', 'DAVID@CORREO.COM', 611890890, 'AVD', 288, 'AVENIDA PRINCIPAL', 'H', 'H', '2', 'H', 'H', 'ZARAGOZA', 'ZARAGOZA');

INSERT INTO participantes (asociado, nombre, ap1, ap2, correo_electronico, telefono, tipo_via, num_via, nombre_via, bloque, escalera, planta, puerta, seccion, nombreloc, nombreprov)
VALUES ('289', 'LAURA', 'MARTÍNEZ', 'LÓPEZ', 'LAURA@CORREO.COM', 688901901, 'C', 289, 'CALLE LIBERTAD', 'I', 'I', '3', 'I', 'I', 'VALENCIA', 'VALENCIA');

INSERT INTO participantes (asociado, nombre, ap1, ap2, correo_electronico, telefono, tipo_via, num_via, nombre_via, bloque, escalera, planta, puerta, seccion, nombreloc, nombreprov)
VALUES ('290', 'JAVIER', 'GÓMEZ', 'GARCÍA', 'JAVIER@CORREO.COM', 655912912, 'AVD', 290, 'AVENIDA PRINCIPAL', 'J', 'J', '1', 'J', 'J', 'MADRID', 'MADRID');

INSERT INTO participantes (asociado, nombre, ap1, ap2, correo_electronico, telefono, tipo_via, num_via, nombre_via, bloque, escalera, planta, puerta, seccion, nombreloc, nombreprov)
VALUES ('291', 'MARTA', 'RODRÍGUEZ', 'SÁNCHEZ', 'MARTA@CORREO.COM', 633123456, 'C', 291, 'CALLE SOL', 'K', 'K', '2', 'K', 'K', 'ZARAGOZA', 'ZARAGOZA');

INSERT INTO participantes (asociado, nombre, ap1, ap2, correo_electronico, telefono, tipo_via, num_via, nombre_via, bloque, escalera, planta, puerta, seccion, nombreloc, nombreprov)
VALUES ('292', 'SERGIO', 'SÁNCHEZ', 'GARCÍA', 'SERGIO@CORREO.COM', 611234567, 'AVD', 292, 'AVENIDA PRINCIPAL', 'L', 'L', '3', 'L', 'L', 'HOSPITALET DE LLOBREGAT', 'BARCELONA');

INSERT INTO participantes (asociado, nombre, ap1, ap2, correo_electronico, telefono, tipo_via, num_via, nombre_via, bloque, escalera, planta, puerta, seccion, nombreloc, nombreprov)
VALUES ('293', 'ELENA', 'GONZÁLEZ', 'RODRÍGUEZ', 'ELENA@CORREO.COM', 688345678, 'C', 293, 'CALLE LIBERTAD', 'M', 'M', '1', 'M', 'M', 'VALENCIA', 'VALENCIA');

INSERT INTO participantes (asociado, nombre, ap1, ap2, correo_electronico, telefono, tipo_via, num_via, nombre_via, bloque, escalera, planta, puerta, seccion, nombreloc, nombreprov)
VALUES ('294', 'PABLO', 'LÓPEZ', 'MARTÍNEZ', 'PABLO@CORREO.COM', 655456789, 'AVD', 294, 'AVENIDA PRINCIPAL', 'N', 'N', '2', 'N', 'N', 'MADRID', 'MADRID');

INSERT INTO participantes (asociado, nombre, ap1, ap2, correo_electronico, telefono, tipo_via, num_via, nombre_via, bloque, escalera, planta, puerta, seccion, nombreloc, nombreprov)
VALUES ('295', 'ANA', 'GÓMEZ', 'LÓPEZ', 'ANA@CORREO.COM', 633567890, 'C', 295, 'CALLE SOL', 'O', 'O', '3', 'O', 'O', 'ZARAGOZA', 'ZARAGOZA');

INSERT INTO participantes (asociado, nombre, ap1, ap2, correo_electronico, telefono, tipo_via, num_via, nombre_via, bloque, escalera, planta, puerta, seccion, nombreloc, nombreprov)
VALUES ('296', 'DAVID', 'FERNÁNDEZ', 'SÁNCHEZ', 'DAVID@CORREO.COM', 611678901, 'AVD', 296, 'AVENIDA PRINCIPAL', 'P', 'P', '1', 'P', 'P', 'HOSPITALET DE LLOBREGAT', 'BARCELONA');

INSERT INTO participantes (asociado, nombre, ap1, ap2, correo_electronico, telefono, tipo_via, num_via, nombre_via, bloque, escalera, planta, puerta, seccion, nombreloc, nombreprov)
VALUES ('297', 'LAURA', 'RODRÍGUEZ', 'GARCÍA', 'LAURA@CORREO.COM', 688789012, 'C', 297, 'CALLE LIBERTAD', 'Q', 'Q', '2', 'Q', 'Q', 'VALENCIA', 'VALENCIA');

INSERT INTO participantes (asociado, nombre, ap1, ap2, correo_electronico, telefono, tipo_via, num_via, nombre_via, bloque, escalera, planta, puerta, seccion, nombreloc, nombreprov)
VALUES ('298', 'JAVIER', 'SÁNCHEZ', 'MARTÍNEZ', 'JAVIER@CORREO.COM', 655890123, 'AVD', 298, 'AVENIDA PRINCIPAL', 'R', 'R', '3', 'R', 'R', 'MADRID', 'MADRID');

INSERT INTO participantes (asociado, nombre, ap1, ap2, correo_electronico, telefono, tipo_via, num_via, nombre_via, bloque, escalera, planta, puerta, seccion, nombreloc, nombreprov)
VALUES ('299', 'MARTA', 'GARCÍA', 'GÓMEZ', 'MARTA@CORREO.COM', 633901234, 'C', 299, 'CALLE SOL', 'S', 'S', '1', 'S', 'S', 'ZARAGOZA', 'ZARAGOZA');

INSERT INTO participantes (asociado, nombre, ap1, ap2, correo_electronico, telefono, tipo_via, num_via, nombre_via, bloque, escalera, planta, puerta, seccion, nombreloc, nombreprov)
VALUES ('300', 'SERGIO', 'GÓMEZ', 'SÁNCHEZ', 'SERGIO@CORREO.COM', 611012345, 'AVD', 300, 'AVENIDA PRINCIPAL', 'T', 'T', '2', 'T', 'T', 'HOSPITALET DE LLOBREGAT', 'BARCELONA');

INSERT INTO participantes (asociado, nombre, ap1, ap2, correo_electronico, telefono, tipo_via, num_via, nombre_via, bloque, escalera, planta, puerta, seccion, nombreloc, nombreprov)
VALUES ('301', 'ELENA', 'RODRÍGUEZ', 'MARTÍNEZ', 'ELENA@CORREO.COM', 688123456, 'C', 301, 'CALLE LIBERTAD', 'U', 'U', '3', 'U', 'U', 'VALENCIA', 'VALENCIA');

INSERT INTO participantes (asociado, nombre, ap1, ap2, correo_electronico, telefono, tipo_via, num_via, nombre_via, bloque, escalera, planta, puerta, seccion, nombreloc, nombreprov)
VALUES ('302', 'PABLO', 'MARTÍNEZ', 'GARCÍA', 'PABLO@CORREO.COM', 655234567, 'AVD', 302, 'AVENIDA PRINCIPAL', 'V', 'V', '1', 'V', 'V', 'MADRID', 'MADRID');

INSERT INTO participantes (asociado, nombre, ap1, ap2, correo_electronico, telefono, tipo_via, num_via, nombre_via, bloque, escalera, planta, puerta, seccion, nombreloc, nombreprov)
VALUES ('303', 'ANA', 'GARCÍA', 'LÓPEZ', 'ANA@CORREO.COM', 633345678, 'C', 303, 'CALLE SOL', 'W', 'W', '2', 'W', 'W', 'ZARAGOZA', 'ZARAGOZA');

INSERT INTO participantes (asociado, nombre, ap1, ap2, correo_electronico, telefono, tipo_via, num_via, nombre_via, bloque, escalera, planta, puerta, seccion, nombreloc, nombreprov)
VALUES ('304', 'DAVID', 'LÓPEZ', 'MARTÍNEZ', 'DAVID@CORREO.COM', 611456789, 'AVD', 304, 'AVENIDA PRINCIPAL', 'X', 'X', '3', 'X', 'X', 'HOSPITALET DE LLOBREGAT', 'BARCELONA');

INSERT INTO participantes (asociado, nombre, ap1, ap2, correo_electronico, telefono, tipo_via, num_via, nombre_via, bloque, escalera, planta, puerta, seccion, nombreloc, nombreprov)
VALUES ('305', 'LAURA', 'MARTÍNEZ', 'SÁNCHEZ', 'LAURA@CORREO.COM', 688567890, 'C', 305, 'CALLE LIBERTAD', 'Y', 'Y', '1', 'Y', 'Y', 'VALENCIA', 'VALENCIA');

INSERT INTO participantes (asociado, nombre, ap1, ap2, correo_electronico, telefono, tipo_via, num_via, nombre_via, bloque, escalera, planta, puerta, seccion, nombreloc, nombreprov)
VALUES ('306', 'JAVIER', 'SÁNCHEZ', 'GÓMEZ', 'JAVIER@CORREO.COM', 655678901, 'AVD', 306, 'AVENIDA PRINCIPAL', 'Z', 'Z', '2', 'Z', 'Z', 'MADRID', 'MADRID');

INSERT INTO participantes (asociado, nombre, ap1, ap2, correo_electronico, telefono, tipo_via, num_via, nombre_via, bloque, escalera, planta, puerta, seccion, nombreloc, nombreprov)
VALUES ('099', 'PEPE', 'GÓMEZ', 'SOTELO', 'PEPE@CORREO.COM', 678878899, 'C', 989, 'CALLE MAYOR', 'I', 'B', '4', 'A', 'I', 'MADRID', 'MADRID');

INSERT INTO participantes (asociado, nombre, ap1, ap2, correo_electronico, telefono, tipo_via, num_via, nombre_via, bloque, escalera, planta, puerta, seccion, nombreloc, nombreprov)
VALUES ('200', 'JOSE', 'RODRÍGUEZ', 'CARNEL', 'JOSE@CORREO.COM', 666877988, 'C', 194, 'CALLE DE LA ROSA', 'R', 'R', '23', 'R', 'R', 'VALENCIA', 'VALENCIA');

INSERT INTO participantes (asociado, nombre, ap1, ap2, correo_electronico, telefono, tipo_via, num_via, nombre_via, bloque, escalera, planta, puerta, seccion, nombreloc, nombreprov) 
VALUES ('028', 'DAVID', 'GÓMEZ', 'RODRÍGUEZ', 'DAVID@CORREO.COM', 600012345, 'C', 23, 'CALLE MAYOR', 'E', 'H', '6', 'A', 'C', 'BURGOS', 'BURGOS');

INSERT INTO participantes (asociado, nombre, ap1, ap2, correo_electronico, telefono, tipo_via, num_via, nombre_via, bloque, escalera, planta, puerta, seccion, nombreloc, nombreprov) 
VALUES ('029', 'ROBERTO', 'GÓMEZ', 'HERNÁNDEZ', 'ROBERTO@CORREO.COM', 611112345, 'AVD', 262, 'AVENIDA DEL PARQUE', 'A', 'E', '5', 'B', 'C', 'HUELVA', 'HUELVA');


/*--------------------*/
/*INSERT ARBITRO*/
/*--------------------*/

INSERT INTO arbitro(n_arbitro)
SELECT asociado FROM (
    SELECT asociado FROM participantes
);

/*--------------------*/
/*INSERT JUAGADOR*/
/*--------------------*/
INSERT INTO jugador(n_jugador)
SELECT asociado FROM (
    SELECT asociado FROM participantes
);


/*--------------------*/
/*INSERT COMPETICIÓN*/
/*--------------------*/

INSERT INTO competicion (nombre, fecha) VALUES ('TORNEO PARCHÍS CORAL', '01-11-2024');
INSERT INTO competicion (nombre, fecha) VALUES ('PARTIDA PARCHÍS LIMA', '10-11-2024');
INSERT INTO competicion (nombre, fecha) VALUES ('CAMPEONATO PARCHÍS ORO', '15-11-2024');
INSERT INTO competicion (nombre, fecha) VALUES ('CAMPEONATO PARCHÍS GALAXIA', '25-01-2025');
INSERT INTO competicion (nombre, fecha) VALUES ('TORNEO PARCHÍS SOL', '15-01-2025');
INSERT INTO competicion (nombre, fecha) VALUES ('PARTIDA PARCHÍS UNIVERSO', '20-01-2025');
INSERT INTO competicion (nombre, fecha) VALUES ('TORNEO PARCHÍS FUEGO', '01-02-2025');
INSERT INTO competicion (nombre, fecha) VALUES ('PARTIDA PARCHÍS TIERRA', '10-02-2025');
INSERT INTO competicion (nombre, fecha) VALUES ('CAMPEONATO PARCHÍS AIRE', '15-02-2025');
INSERT INTO competicion (nombre, fecha) VALUES ('COPA PARCHÍS ARCOÍRIS', '20-02-2025');

/*--------------------*/
/*INSERT PARTIDA*/
/*--------------------*/

INSERT INTO partida (nombre_competicion, fecha_competicion, jornada, jornada_fin, n_arbitro, n_jugador_gana)
VALUES ('TORNEO PARCHÍS CORAL', TO_DATE('01-11-2024', 'DD-MM-YYYY'), TO_DATE('01-11-2024 10:00:00', 'DD-MM-YYYY HH24:MI:SS'), TO_DATE('01-11-2024 10:20:00', 'DD-MM-YYYY HH24:MI:SS'), '082', null);

INSERT INTO partida (nombre_competicion, fecha_competicion, jornada, jornada_fin, n_arbitro, n_jugador_gana)
VALUES ('TORNEO PARCHÍS CORAL', TO_DATE('01-11-2024', 'DD-MM-YYYY'), TO_DATE('01-11-2024 10:30:00', 'DD-MM-YYYY HH24:MI:SS'), TO_DATE('01-11-2024 10:50:00', 'DD-MM-YYYY HH24:MI:SS'), '087', null);

INSERT INTO partida (nombre_competicion, fecha_competicion, jornada, jornada_fin, n_arbitro, n_jugador_gana)
VALUES ('TORNEO PARCHÍS CORAL', TO_DATE('01-11-2024', 'DD-MM-YYYY'), TO_DATE('01-11-2024 11:00:00', 'DD-MM-YYYY HH24:MI:SS'), TO_DATE('01-11-2024 11:20:00', 'DD-MM-YYYY HH24:MI:SS'), '092', null);

INSERT INTO partida (nombre_competicion, fecha_competicion, jornada, jornada_fin, n_arbitro, n_jugador_gana)
VALUES ('TORNEO PARCHÍS CORAL', TO_DATE('01-11-2024', 'DD-MM-YYYY'), TO_DATE('01-11-2024 11:30:00', 'DD-MM-YYYY HH24:MI:SS'), TO_DATE('01-11-2024 11:50:00', 'DD-MM-YYYY HH24:MI:SS'), '097', null);

INSERT INTO partida (nombre_competicion, fecha_competicion, jornada, jornada_fin, n_arbitro, n_jugador_gana)
VALUES ('TORNEO PARCHÍS CORAL', TO_DATE('01-11-2024', 'DD-MM-YYYY'), TO_DATE('01-11-2024 12:00:00', 'DD-MM-YYYY HH24:MI:SS'), TO_DATE('01-11-2024 12:20:00', 'DD-MM-YYYY HH24:MI:SS'), '102', null);

INSERT INTO partida (nombre_competicion, fecha_competicion, jornada, jornada_fin, n_arbitro, n_jugador_gana)
VALUES ('TORNEO PARCHÍS CORAL', TO_DATE('01-11-2024', 'DD-MM-YYYY'), TO_DATE('01-11-2024 12:30:00', 'DD-MM-YYYY HH24:MI:SS'), TO_DATE('01-11-2024 12:50:00', 'DD-MM-YYYY HH24:MI:SS'), '107', null);

INSERT INTO partida (nombre_competicion, fecha_competicion, jornada, jornada_fin, n_arbitro, n_jugador_gana)
VALUES ('TORNEO PARCHÍS CORAL', TO_DATE('01-11-2024', 'DD-MM-YYYY'), TO_DATE('01-11-2024 13:00:00', 'DD-MM-YYYY HH24:MI:SS'), TO_DATE('01-11-2024 13:20:00', 'DD-MM-YYYY HH24:MI:SS'), '112', null);

INSERT INTO partida (nombre_competicion, fecha_competicion, jornada, jornada_fin, n_arbitro, n_jugador_gana)
VALUES ('TORNEO PARCHÍS CORAL', TO_DATE('01-11-2024', 'DD-MM-YYYY'), TO_DATE('01-11-2024 13:30:00', 'DD-MM-YYYY HH24:MI:SS'), TO_DATE('01-11-2024 13:50:00', 'DD-MM-YYYY HH24:MI:SS'), '117', null);

INSERT INTO partida (nombre_competicion, fecha_competicion, jornada, jornada_fin, n_arbitro, n_jugador_gana)
VALUES ('TORNEO PARCHÍS CORAL', TO_DATE('01-11-2024', 'DD-MM-YYYY'), TO_DATE('01-11-2024 14:00:00', 'DD-MM-YYYY HH24:MI:SS'), TO_DATE('01-11-2024 14:20:00', 'DD-MM-YYYY HH24:MI:SS'), '122', null);

INSERT INTO partida (nombre_competicion, fecha_competicion, jornada, jornada_fin, n_arbitro, n_jugador_gana)
VALUES ('TORNEO PARCHÍS CORAL', TO_DATE('01-11-2024', 'DD-MM-YYYY'), TO_DATE('01-11-2024 14:30:00', 'DD-MM-YYYY HH24:MI:SS'), TO_DATE('01-11-2024 14:50:00', 'DD-MM-YYYY HH24:MI:SS'), '127', null);

INSERT INTO partida (nombre_competicion, fecha_competicion, jornada, jornada_fin, n_arbitro, n_jugador_gana)
VALUES ('TORNEO PARCHÍS CORAL', TO_DATE('01-11-2024', 'DD-MM-YYYY'), TO_DATE('01-11-2024 15:00:00', 'DD-MM-YYYY HH24:MI:SS'), TO_DATE('01-11-2024 15:20:00', 'DD-MM-YYYY HH24:MI:SS'), '132', null);

INSERT INTO partida (nombre_competicion, fecha_competicion, jornada, jornada_fin, n_arbitro, n_jugador_gana)
VALUES ('TORNEO PARCHÍS CORAL', TO_DATE('01-11-2024', 'DD-MM-YYYY'), TO_DATE('01-11-2024 15:30:00', 'DD-MM-YYYY HH24:MI:SS'), TO_DATE('01-11-2024 15:50:00', 'DD-MM-YYYY HH24:MI:SS'), '137', null);

INSERT INTO partida (nombre_competicion, fecha_competicion, jornada, jornada_fin, n_arbitro, n_jugador_gana)
VALUES ('TORNEO PARCHÍS CORAL', TO_DATE('01-11-2024', 'DD-MM-YYYY'), TO_DATE('01-11-2024 16:00:00', 'DD-MM-YYYY HH24:MI:SS'), TO_DATE('01-11-2024 16:20:00', 'DD-MM-YYYY HH24:MI:SS'), '142', null);

INSERT INTO partida (nombre_competicion, fecha_competicion, jornada, jornada_fin, n_arbitro, n_jugador_gana)
VALUES ('TORNEO PARCHÍS CORAL', TO_DATE('01-11-2024', 'DD-MM-YYYY'), TO_DATE('01-11-2024 16:30:00', 'DD-MM-YYYY HH24:MI:SS'), TO_DATE('01-11-2024 16:50:00', 'DD-MM-YYYY HH24:MI:SS'), '147', null);

INSERT INTO partida (nombre_competicion, fecha_competicion, jornada, jornada_fin, n_arbitro, n_jugador_gana)
VALUES ('TORNEO PARCHÍS CORAL', TO_DATE('01-11-2024', 'DD-MM-YYYY'), TO_DATE('01-11-2024 17:00:00', 'DD-MM-YYYY HH24:MI:SS'), TO_DATE('01-11-2024 17:20:00', 'DD-MM-YYYY HH24:MI:SS'), '152', null);

INSERT INTO partida (nombre_competicion, fecha_competicion, jornada, jornada_fin, n_arbitro, n_jugador_gana)
VALUES ('TORNEO PARCHÍS CORAL', TO_DATE('01-11-2024', 'DD-MM-YYYY'), TO_DATE('01-11-2024 17:30:00', 'DD-MM-YYYY HH24:MI:SS'), TO_DATE('01-11-2024 17:50:00', 'DD-MM-YYYY HH24:MI:SS'), '157', null);

-- 16 partidas insertadas sin ganador

-- Cambio de competición

INSERT INTO partida (nombre_competicion, fecha_competicion, jornada, jornada_fin, n_arbitro, n_jugador_gana)
VALUES ('PARTIDA PARCHÍS LIMA', TO_DATE('10-11-2024', 'DD-MM-YYYY'), TO_DATE('10-11-2024 10:00:00', 'DD-MM-YYYY HH24:MI:SS'), TO_DATE('10-11-2024 10:20:00', 'DD-MM-YYYY HH24:MI:SS'), '001', null);

INSERT INTO partida (nombre_competicion, fecha_competicion, jornada, jornada_fin, n_arbitro, n_jugador_gana)
VALUES ('PARTIDA PARCHÍS LIMA', TO_DATE('10-11-2024', 'DD-MM-YYYY'), TO_DATE('10-11-2024 10:30:00', 'DD-MM-YYYY HH24:MI:SS'), TO_DATE('10-11-2024 10:50:00', 'DD-MM-YYYY HH24:MI:SS'), '006', null);

INSERT INTO partida (nombre_competicion, fecha_competicion, jornada, jornada_fin, n_arbitro, n_jugador_gana)
VALUES ('PARTIDA PARCHÍS LIMA', TO_DATE('10-11-2024', 'DD-MM-YYYY'), TO_DATE('10-11-2024 11:00:00', 'DD-MM-YYYY HH24:MI:SS'), TO_DATE('10-11-2024 11:20:00', 'DD-MM-YYYY HH24:MI:SS'), '011', null);

INSERT INTO partida (nombre_competicion, fecha_competicion, jornada, jornada_fin, n_arbitro, n_jugador_gana)
VALUES ('PARTIDA PARCHÍS LIMA', TO_DATE('10-11-2024', 'DD-MM-YYYY'), TO_DATE('10-11-2024 11:30:00', 'DD-MM-YYYY HH24:MI:SS'), TO_DATE('10-11-2024 11:50:00', 'DD-MM-YYYY HH24:MI:SS'), '016', null);

INSERT INTO partida (nombre_competicion, fecha_competicion, jornada, jornada_fin, n_arbitro, n_jugador_gana)
VALUES ('PARTIDA PARCHÍS LIMA', TO_DATE('10-11-2024', 'DD-MM-YYYY'), TO_DATE('10-11-2024 12:00:00', 'DD-MM-YYYY HH24:MI:SS'), TO_DATE('10-11-2024 12:20:00', 'DD-MM-YYYY HH24:MI:SS'), '021', null);

INSERT INTO partida (nombre_competicion, fecha_competicion, jornada, jornada_fin, n_arbitro, n_jugador_gana)
VALUES ('PARTIDA PARCHÍS LIMA', TO_DATE('10-11-2024', 'DD-MM-YYYY'), TO_DATE('10-11-2024 12:30:00', 'DD-MM-YYYY HH24:MI:SS'), TO_DATE('10-11-2024 12:50:00', 'DD-MM-YYYY HH24:MI:SS'), '026', null);

INSERT INTO partida (nombre_competicion, fecha_competicion, jornada, jornada_fin, n_arbitro, n_jugador_gana)
VALUES ('PARTIDA PARCHÍS LIMA', TO_DATE('10-11-2024', 'DD-MM-YYYY'), TO_DATE('10-11-2024 13:00:00', 'DD-MM-YYYY HH24:MI:SS'), TO_DATE('10-11-2024 13:20:00', 'DD-MM-YYYY HH24:MI:SS'), '031', null);

INSERT INTO partida (nombre_competicion, fecha_competicion, jornada, jornada_fin, n_arbitro, n_jugador_gana)
VALUES ('PARTIDA PARCHÍS LIMA', TO_DATE('10-11-2024', 'DD-MM-YYYY'), TO_DATE('10-11-2024 13:30:00', 'DD-MM-YYYY HH24:MI:SS'), TO_DATE('10-11-2024 13:50:00', 'DD-MM-YYYY HH24:MI:SS'), '037', null);

INSERT INTO partida (nombre_competicion, fecha_competicion, jornada, jornada_fin, n_arbitro, n_jugador_gana)
VALUES ('PARTIDA PARCHÍS LIMA', TO_DATE('10-11-2024', 'DD-MM-YYYY'), TO_DATE('10-11-2024 14:00:00', 'DD-MM-YYYY HH24:MI:SS'), TO_DATE('10-11-2024 14:20:00', 'DD-MM-YYYY HH24:MI:SS'), '042', null);

INSERT INTO partida (nombre_competicion, fecha_competicion, jornada, jornada_fin, n_arbitro, n_jugador_gana)
VALUES ('PARTIDA PARCHÍS LIMA', TO_DATE('10-11-2024', 'DD-MM-YYYY'), TO_DATE('10-11-2024 14:30:00', 'DD-MM-YYYY HH24:MI:SS'), TO_DATE('10-11-2024 14:50:00', 'DD-MM-YYYY HH24:MI:SS'), '047', null);

INSERT INTO partida (nombre_competicion, fecha_competicion, jornada, jornada_fin, n_arbitro, n_jugador_gana)
VALUES ('PARTIDA PARCHÍS LIMA', TO_DATE('10-11-2024', 'DD-MM-YYYY'), TO_DATE('10-11-2024 15:00:00', 'DD-MM-YYYY HH24:MI:SS'), TO_DATE('10-11-2024 15:20:00', 'DD-MM-YYYY HH24:MI:SS'), '052', null);

INSERT INTO partida (nombre_competicion, fecha_competicion, jornada, jornada_fin, n_arbitro, n_jugador_gana)
VALUES ('PARTIDA PARCHÍS LIMA', TO_DATE('10-11-2024', 'DD-MM-YYYY'), TO_DATE('10-11-2024 15:30:00', 'DD-MM-YYYY HH24:MI:SS'), TO_DATE('10-11-2024 15:50:00', 'DD-MM-YYYY HH24:MI:SS'), '057', null);

INSERT INTO partida (nombre_competicion, fecha_competicion, jornada, jornada_fin, n_arbitro, n_jugador_gana)
VALUES ('PARTIDA PARCHÍS LIMA', TO_DATE('10-11-2024', 'DD-MM-YYYY'), TO_DATE('10-11-2024 16:00:00', 'DD-MM-YYYY HH24:MI:SS'), TO_DATE('10-11-2024 16:20:00', 'DD-MM-YYYY HH24:MI:SS'), '062', null);

INSERT INTO partida (nombre_competicion, fecha_competicion, jornada, jornada_fin, n_arbitro, n_jugador_gana)
VALUES ('PARTIDA PARCHÍS LIMA', TO_DATE('10-11-2024', 'DD-MM-YYYY'), TO_DATE('10-11-2024 16:30:00', 'DD-MM-YYYY HH24:MI:SS'), TO_DATE('10-11-2024 16:50:00', 'DD-MM-YYYY HH24:MI:SS'), '067', null);

INSERT INTO partida (nombre_competicion, fecha_competicion, jornada, jornada_fin, n_arbitro, n_jugador_gana)
VALUES ('PARTIDA PARCHÍS LIMA', TO_DATE('10-11-2024', 'DD-MM-YYYY'), TO_DATE('10-11-2024 17:00:00', 'DD-MM-YYYY HH24:MI:SS'), TO_DATE('10-11-2024 17:20:00', 'DD-MM-YYYY HH24:MI:SS'), '072', null);

INSERT INTO partida (nombre_competicion, fecha_competicion, jornada, jornada_fin, n_arbitro, n_jugador_gana)
VALUES ('PARTIDA PARCHÍS LIMA', TO_DATE('10-11-2024', 'DD-MM-YYYY'), TO_DATE('10-11-2024 17:20:00', 'DD-MM-YYYY HH24:MI:SS'), TO_DATE('10-11-2024 17:50:00', 'DD-MM-YYYY HH24:MI:SS'), '077', null);

-- 16 Partidas sin ganador

-- Cambio de competición


INSERT INTO partida (nombre_competicion, fecha_competicion, jornada, jornada_fin, n_arbitro, n_jugador_gana)
VALUES ('CAMPEONATO PARCHÍS ORO', TO_DATE('15-11-2024', 'DD-MM-YYYY'), TO_DATE('15-11-2024 10:00:00', 'DD-MM-YYYY HH24:MI:SS'), TO_DATE('15-11-2024 10:20:00', 'DD-MM-YYYY HH24:MI:SS'), '162', null);

INSERT INTO partida (nombre_competicion, fecha_competicion, jornada, jornada_fin, n_arbitro, n_jugador_gana)
VALUES ('CAMPEONATO PARCHÍS ORO', TO_DATE('15-11-2024', 'DD-MM-YYYY'), TO_DATE('15-11-2024 10:30:00', 'DD-MM-YYYY HH24:MI:SS'), TO_DATE('15-11-2024 10:50:00', 'DD-MM-YYYY HH24:MI:SS'), '167', null);

INSERT INTO partida (nombre_competicion, fecha_competicion, jornada, jornada_fin, n_arbitro, n_jugador_gana)
VALUES ('CAMPEONATO PARCHÍS ORO', TO_DATE('15-11-2024', 'DD-MM-YYYY'), TO_DATE('15-11-2024 11:00:00', 'DD-MM-YYYY HH24:MI:SS'), TO_DATE('15-11-2024 11:20:00', 'DD-MM-YYYY HH24:MI:SS'), '172', null);

INSERT INTO partida (nombre_competicion, fecha_competicion, jornada, jornada_fin, n_arbitro, n_jugador_gana)
VALUES ('CAMPEONATO PARCHÍS ORO', TO_DATE('15-11-2024', 'DD-MM-YYYY'), TO_DATE('15-11-2024 11:30:00', 'DD-MM-YYYY HH24:MI:SS'), TO_DATE('15-11-2024 11:50:00', 'DD-MM-YYYY HH24:MI:SS'), '177', null);

INSERT INTO partida (nombre_competicion, fecha_competicion, jornada, jornada_fin, n_arbitro, n_jugador_gana)
VALUES ('CAMPEONATO PARCHÍS ORO', TO_DATE('15-11-2024', 'DD-MM-YYYY'), TO_DATE('15-11-2024 12:00:00', 'DD-MM-YYYY HH24:MI:SS'), TO_DATE('15-11-2024 12:20:00', 'DD-MM-YYYY HH24:MI:SS'), '182', null);

INSERT INTO partida (nombre_competicion, fecha_competicion, jornada, jornada_fin, n_arbitro, n_jugador_gana)
VALUES ('CAMPEONATO PARCHÍS ORO', TO_DATE('15-11-2024', 'DD-MM-YYYY'), TO_DATE('15-11-2024 12:30:00', 'DD-MM-YYYY HH24:MI:SS'), TO_DATE('15-11-2024 12:50:00', 'DD-MM-YYYY HH24:MI:SS'), '187', null);

INSERT INTO partida (nombre_competicion, fecha_competicion, jornada, jornada_fin, n_arbitro, n_jugador_gana)
VALUES ('CAMPEONATO PARCHÍS ORO', TO_DATE('15-11-2024', 'DD-MM-YYYY'), TO_DATE('15-11-2024 13:00:00', 'DD-MM-YYYY HH24:MI:SS'), TO_DATE('15-11-2024 13:20:00', 'DD-MM-YYYY HH24:MI:SS'), '192', null);

INSERT INTO partida (nombre_competicion, fecha_competicion, jornada, jornada_fin, n_arbitro, n_jugador_gana)
VALUES ('CAMPEONATO PARCHÍS ORO', TO_DATE('15-11-2024', 'DD-MM-YYYY'), TO_DATE('15-11-2024 13:30:00', 'DD-MM-YYYY HH24:MI:SS'), TO_DATE('15-11-2024 13:50:00', 'DD-MM-YYYY HH24:MI:SS'), '197', null);

INSERT INTO partida (nombre_competicion, fecha_competicion, jornada, jornada_fin, n_arbitro, n_jugador_gana)
VALUES ('CAMPEONATO PARCHÍS ORO', TO_DATE('15-11-2024', 'DD-MM-YYYY'), TO_DATE('15-11-2024 14:00:00', 'DD-MM-YYYY HH24:MI:SS'), TO_DATE('15-11-2024 14:20:00', 'DD-MM-YYYY HH24:MI:SS'), '202', null);

INSERT INTO partida (nombre_competicion, fecha_competicion, jornada, jornada_fin, n_arbitro, n_jugador_gana)
VALUES ('CAMPEONATO PARCHÍS ORO', TO_DATE('15-11-2024', 'DD-MM-YYYY'), TO_DATE('15-11-2024 14:30:00', 'DD-MM-YYYY HH24:MI:SS'), TO_DATE('15-11-2024 14:50:00', 'DD-MM-YYYY HH24:MI:SS'), '207', null);

INSERT INTO partida (nombre_competicion, fecha_competicion, jornada, jornada_fin, n_arbitro, n_jugador_gana)
VALUES ('CAMPEONATO PARCHÍS ORO', TO_DATE('15-11-2024', 'DD-MM-YYYY'), TO_DATE('15-11-2024 15:00:00', 'DD-MM-YYYY HH24:MI:SS'), TO_DATE('15-11-2024 15:20:00', 'DD-MM-YYYY HH24:MI:SS'), '212', null);

INSERT INTO partida (nombre_competicion, fecha_competicion, jornada, jornada_fin, n_arbitro, n_jugador_gana)
VALUES ('CAMPEONATO PARCHÍS ORO', TO_DATE('15-11-2024', 'DD-MM-YYYY'), TO_DATE('15-11-2024 15:30:00', 'DD-MM-YYYY HH24:MI:SS'), TO_DATE('15-11-2024 15:50:00', 'DD-MM-YYYY HH24:MI:SS'), '217', null);

INSERT INTO partida (nombre_competicion, fecha_competicion, jornada, jornada_fin, n_arbitro, n_jugador_gana)
VALUES ('CAMPEONATO PARCHÍS ORO', TO_DATE('15-11-2024', 'DD-MM-YYYY'), TO_DATE('15-11-2024 16:00:00', 'DD-MM-YYYY HH24:MI:SS'), TO_DATE('15-11-2024 16:20:00', 'DD-MM-YYYY HH24:MI:SS'), '222', null);

INSERT INTO partida (nombre_competicion, fecha_competicion, jornada, jornada_fin, n_arbitro, n_jugador_gana)
VALUES ('CAMPEONATO PARCHÍS ORO', TO_DATE('15-11-2024', 'DD-MM-YYYY'), TO_DATE('15-11-2024 16:30:00', 'DD-MM-YYYY HH24:MI:SS'), TO_DATE('15-11-2024 16:50:00', 'DD-MM-YYYY HH24:MI:SS'), '227', null);

INSERT INTO partida (nombre_competicion, fecha_competicion, jornada, jornada_fin, n_arbitro, n_jugador_gana)
VALUES ('CAMPEONATO PARCHÍS ORO', TO_DATE('15-11-2024', 'DD-MM-YYYY'), TO_DATE('15-11-2024 17:00:00', 'DD-MM-YYYY HH24:MI:SS'), TO_DATE('15-11-2024 17:20:00', 'DD-MM-YYYY HH24:MI:SS'), '232', null);

INSERT INTO partida (nombre_competicion, fecha_competicion, jornada, jornada_fin, n_arbitro, n_jugador_gana)
VALUES ('CAMPEONATO PARCHÍS ORO', TO_DATE('15-11-2024', 'DD-MM-YYYY'), TO_DATE('15-11-2024 17:30:00', 'DD-MM-YYYY HH24:MI:SS'), TO_DATE('15-11-2024 17:50:00', 'DD-MM-YYYY HH24:MI:SS'), '237', null);

-- 16 Partidas sin ganador

/*--------------------*/
/*INSERT GANADORES*/
/*--------------------*/
UPDATE partida SET n_jugador_gana = '003' WHERE n_arbitro = '001';
UPDATE partida SET n_jugador_gana = '007' WHERE n_arbitro = '006';
UPDATE partida SET n_jugador_gana = '015' WHERE n_arbitro = '011';
UPDATE partida SET n_jugador_gana = '019' WHERE n_arbitro = '016';
UPDATE partida SET n_jugador_gana = '024' WHERE n_arbitro = '021';
UPDATE partida SET n_jugador_gana = '029' WHERE n_arbitro = '026';
UPDATE partida SET n_jugador_gana = '032' WHERE n_arbitro = '031';
UPDATE partida SET n_jugador_gana = '041' WHERE n_arbitro = '037';
UPDATE partida SET n_jugador_gana = '044' WHERE n_arbitro = '042';
UPDATE partida SET n_jugador_gana = '051' WHERE n_arbitro = '047';
UPDATE partida SET n_jugador_gana = '055' WHERE n_arbitro = '052';
UPDATE partida SET n_jugador_gana = '058' WHERE n_arbitro = '057';
UPDATE partida SET n_jugador_gana = '066' WHERE n_arbitro = '062';
UPDATE partida SET n_jugador_gana = '070' WHERE n_arbitro = '067';
UPDATE partida SET n_jugador_gana = '076' WHERE n_arbitro = '072';
UPDATE partida SET n_jugador_gana = '080' WHERE n_arbitro = '077';
UPDATE partida SET n_jugador_gana = '084' WHERE n_arbitro = '082';
UPDATE partida SET n_jugador_gana = '090' WHERE n_arbitro = '087';
UPDATE partida SET n_jugador_gana = '094' WHERE n_arbitro = '092';
UPDATE partida SET n_jugador_gana = '101' WHERE n_arbitro = '097';
UPDATE partida SET n_jugador_gana = '103' WHERE n_arbitro = '102';
UPDATE partida SET n_jugador_gana = '110' WHERE n_arbitro = '107';
UPDATE partida SET n_jugador_gana = '115' WHERE n_arbitro = '112';
UPDATE partida SET n_jugador_gana = '120' WHERE n_arbitro = '117';
UPDATE partida SET n_jugador_gana = '123' WHERE n_arbitro = '122';
UPDATE partida SET n_jugador_gana = '129' WHERE n_arbitro = '127';
UPDATE partida SET n_jugador_gana = '134' WHERE n_arbitro = '132';
UPDATE partida SET n_jugador_gana = '141' WHERE n_arbitro = '137';
UPDATE partida SET n_jugador_gana = '145' WHERE n_arbitro = '142';
UPDATE partida SET n_jugador_gana = '150' WHERE n_arbitro = '147';
UPDATE partida SET n_jugador_gana = '156' WHERE n_arbitro = '152';
UPDATE partida SET n_jugador_gana = '160' WHERE n_arbitro = '157';
UPDATE partida SET n_jugador_gana = '163' WHERE n_arbitro = '162';
UPDATE partida SET n_jugador_gana = '171' WHERE n_arbitro = '167';
UPDATE partida SET n_jugador_gana = '174' WHERE n_arbitro = '172';
UPDATE partida SET n_jugador_gana = '180' WHERE n_arbitro = '177';
UPDATE partida SET n_jugador_gana = '184' WHERE n_arbitro = '182';
UPDATE partida SET n_jugador_gana = '190' WHERE n_arbitro = '187';
UPDATE partida SET n_jugador_gana = '195' WHERE n_arbitro = '192';
UPDATE partida SET n_jugador_gana = '201' WHERE n_arbitro = '197';
UPDATE partida SET n_jugador_gana = '203' WHERE n_arbitro = '202';
UPDATE partida SET n_jugador_gana = '208' WHERE n_arbitro = '207';
UPDATE partida SET n_jugador_gana = '216' WHERE n_arbitro = '212';
UPDATE partida SET n_jugador_gana = '220' WHERE n_arbitro = '217';
UPDATE partida SET n_jugador_gana = '226' WHERE n_arbitro = '222';
UPDATE partida SET n_jugador_gana = '231' WHERE n_arbitro = '227';
UPDATE partida SET n_jugador_gana = '235' WHERE n_arbitro = '232';
UPDATE partida SET n_jugador_gana = '240' WHERE n_arbitro = '237';


/*--------------------*/
/*INSERT JUEGA*/
/*--------------------*/

INSERT INTO juega (nombre_competicion, fecha_competicion, jornada, n_jugador, color_ficha)
VALUES ('TORNEO PARCHÍS CORAL', TO_DATE('01-11-2024', 'DD-MM-YYYY'), TO_DATE('01-11-2024 10:00:00', 'DD-MM-YYYY HH24:MI:SS'), '083', 'ROJO');

